"track_name","energy","loudness","liveness","valence","speechiness","danceability","count","track_artist"
"Titanium (feat. Sia)",0.787,-3.674,0.127,0.301,0.103,0.604,6,"David Guetta"
"Like I Do",0.9,-3.719,0.37,0.15,0.0377,0.635,6,"David Guetta"
"Titanium (feat. Sia)",0.787,-3.674,0.127,0.301,0.103,0.604,6,"David Guetta"
"Titanium (feat. Sia)",0.787,-3.674,0.127,0.301,0.103,0.604,6,"David Guetta"
"Bad (feat. Vassy) - Radio Edit",0.972,-3.927,0.328,0.411,0.088,0.614,6,"David Guetta"
"Bad (feat. Vassy) - Radio Edit",0.972,-3.927,0.328,0.411,0.088,0.614,6,"David Guetta"
"Like I Do",0.9,-3.719,0.37,0.15,0.0377,0.635,6,"David Guetta"
"Like I Do",0.9,-3.719,0.37,0.15,0.0377,0.635,6,"David Guetta"
"Titanium (feat. Sia)",0.787,-3.674,0.127,0.301,0.103,0.604,6,"David Guetta"
"Bad (feat. Vassy) - Radio Edit",0.972,-3.927,0.328,0.411,0.088,0.614,6,"David Guetta"
"Like I Do",0.9,-3.719,0.37,0.15,0.0377,0.635,6,"David Guetta"
"Like I Do",0.9,-3.719,0.37,0.15,0.0377,0.635,6,"David Guetta"
"Bad (feat. Vassy) - Radio Edit",0.972,-3.927,0.328,0.411,0.088,0.614,6,"David Guetta"
"Titanium (feat. Sia)",0.787,-3.674,0.127,0.301,0.103,0.604,6,"David Guetta"
"Titanium (feat. Sia)",0.787,-3.674,0.127,0.301,0.103,0.604,6,"David Guetta"
"Bad (feat. Vassy) - Radio Edit",0.972,-3.927,0.328,0.411,0.088,0.614,6,"David Guetta"
"Like I Do",0.9,-3.719,0.37,0.15,0.0377,0.635,6,"David Guetta"
"Bad (feat. Vassy) - Radio Edit",0.972,-3.927,0.328,0.411,0.088,0.614,6,"David Guetta"
"Better When You're Gone",0.795,-3.548,0.188,0.409,0.0372,0.647,5,"David Guetta"
"Better When You're Gone",0.795,-3.548,0.188,0.409,0.0372,0.647,5,"David Guetta"
"Better When You're Gone",0.795,-3.548,0.188,0.409,0.0372,0.647,5,"David Guetta"
"Shot Me Down (feat. Skylar Grey) - Radio Edit",0.772,-4.359,0.115,0.035,0.0549,0.347,5,"David Guetta"
"Shot Me Down (feat. Skylar Grey) - Radio Edit",0.772,-4.359,0.115,0.035,0.0549,0.347,5,"David Guetta"
"Shot Me Down (feat. Skylar Grey) - Radio Edit",0.772,-4.359,0.115,0.035,0.0549,0.347,5,"David Guetta"
"Better When You're Gone",0.795,-3.548,0.188,0.409,0.0372,0.647,5,"David Guetta"
"Shot Me Down (feat. Skylar Grey) - Radio Edit",0.772,-4.359,0.115,0.035,0.0549,0.347,5,"David Guetta"
"Shot Me Down (feat. Skylar Grey) - Radio Edit",0.772,-4.359,0.115,0.035,0.0549,0.347,5,"David Guetta"
"Better When You're Gone",0.795,-3.548,0.188,0.409,0.0372,0.647,5,"David Guetta"
"Lovers on the Sun (feat. Sam Martin)",0.891,-2.505,0.379,0.568,0.0387,0.645,4,"David Guetta"
"Lovers on the Sun (feat. Sam Martin)",0.891,-2.505,0.379,0.568,0.0387,0.645,4,"David Guetta"
"Lovers on the Sun (feat. Sam Martin)",0.891,-2.505,0.379,0.568,0.0387,0.645,4,"David Guetta"
"Lovers on the Sun (feat. Sam Martin)",0.891,-2.505,0.379,0.568,0.0387,0.645,4,"David Guetta"
"Never Be Alone (feat. Aloe Blacc)",0.906,-4.699,0.0886,0.732,0.0353,0.535,3,"David Guetta"
"Memories (feat. Kid Cudi)",0.87,-6.103,0.246,0.502,0.26,0.544,3,"David Guetta"
"Without You (feat. Usher)",0.614,-3.727,0.157,0.402,0.0285,0.608,3,"David Guetta"
"Play Hard (feat. Ne-Yo & Akon)",0.921,-1.702,0.331,0.8,0.0533,0.691,3,"David Guetta"
"Memories (feat. Kid Cudi)",0.899,-3.937,0.229,0.47,0.233,0.546,3,"David Guetta"
"Without You (feat. Usher)",0.614,-3.727,0.157,0.402,0.0285,0.608,3,"David Guetta"
"Never Be Alone (feat. Aloe Blacc)",0.906,-4.699,0.0886,0.732,0.0353,0.535,3,"David Guetta"
"Never Be Alone (feat. Aloe Blacc)",0.906,-4.699,0.0886,0.732,0.0353,0.535,3,"David Guetta"
"Without You (feat. Usher)",0.614,-3.727,0.157,0.402,0.0285,0.608,3,"David Guetta"
"Play Hard (feat. Ne-Yo & Akon)",0.921,-1.702,0.331,0.8,0.0533,0.691,3,"David Guetta"
"Play Hard (feat. Ne-Yo & Akon)",0.921,-1.702,0.331,0.8,0.0533,0.691,3,"David Guetta"
"Memories (feat. Kid Cudi)",0.919,-3.927,0.231,0.351,0.266,0.545,3,"David Guetta"
"Flames",0.726,-4.346,0.0895,0.362,0.0414,0.609,2,"David Guetta"
"Say My Name",0.66,-5.119,0.192,0.79,0.123,0.703,2,"David Guetta"
"Turn Me On (feat. Nicki Minaj)",0.793,-2.266,0.575,0.412,0.0591,0.704,2,"David Guetta"
"Sexy Bitch (feat. Akon)",0.627,-5.018,0.131,0.801,0.0486,0.813,2,"David Guetta"
"Bang My Head (feat. Sia & Fetty Wap)",0.869,-3.697,0.103,0.593,0.0789,0.599,2,"David Guetta"
"She Wolf (Falling to Pieces) (feat. Sia)",0.857,-2.634,0.344,0.393,0.0655,0.492,2,"David Guetta"
"Sexy Bitch (feat. Akon)",0.627,-5.018,0.131,0.801,0.0486,0.813,2,"David Guetta"
"Turn Me On (feat. Nicki Minaj)",0.793,-2.266,0.575,0.412,0.0591,0.704,2,"David Guetta"
"Flames",0.649,-5.892,0.0934,0.421,0.0385,0.631,2,"David Guetta"
"Titanium (feat. Sia) - Alesso Remix",0.652,-6.826,0.0894,0.13,0.0461,0.696,2,"David Guetta"
"Say My Name",0.66,-5.119,0.192,0.79,0.123,0.703,2,"David Guetta"
"Bang My Head (feat. Sia & Fetty Wap)",0.869,-3.697,0.103,0.593,0.0789,0.599,2,"David Guetta"
"Make It To Heaven (with Raye)",0.92,-4.697,0.185,0.35,0.0914,0.587,2,"David Guetta"
"Thing For You - David Guetta Remix",0.867,-4.402,0.115,0.452,0.061,0.44,2,"David Guetta"
"Metropolis",0.982,-2.894,0.244,0.364,0.13,0.691,2,"David Guetta"
"Blast Off - Radio Edit",0.993,-1.702,0.197,0.128,0.18,0.656,2,"David Guetta"
"Thing For You - David Guetta Remix",0.867,-4.402,0.115,0.452,0.061,0.44,2,"David Guetta"
"Make It To Heaven (with Raye)",0.92,-4.697,0.185,0.35,0.0914,0.587,2,"David Guetta"
"Titanium (feat. Sia) - Alesso Remix",0.652,-6.826,0.0894,0.13,0.0461,0.696,2,"David Guetta"
"She Wolf (Falling to Pieces) (feat. Sia)",0.857,-2.634,0.344,0.393,0.0655,0.492,2,"David Guetta"
"Metropolis",0.982,-2.894,0.244,0.364,0.13,0.691,2,"David Guetta"
"Blast Off - Radio Edit",0.993,-1.702,0.197,0.128,0.18,0.656,2,"David Guetta"
"Stay (Don't Go Away) [feat. Raye] - Mark Knight Remix",0.995,-2.325,0.0445,0.664,0.0487,0.607,1,"David Guetta"
"2U",0.651,-5.828,0.224,0.562,0.0594,0.551,1,"David Guetta"
"Stay (Don't Go Away) [feat. Raye]",0.797,-5.68,0.199,0.552,0.0624,0.669,1,"David Guetta"
"Sunshine",0.8,-5.044,0.0512,0.219,0.0437,0.59,1,"David Guetta"
"2U (feat. Justin Bieber)",0.65,-5.827,0.225,0.557,0.0591,0.548,1,"David Guetta"
"This One's for You (feat. Zara Larsson) (Official Song UEFA EURO 2016)",0.915,-3.456,0.0905,0.365,0.0488,0.367,1,"David Guetta"
"Dangerous (feat. Sam Martin)",0.747,-4.838,0.107,0.43,0.0795,0.466,1,"David Guetta"
"Rise (feat. Skylar Grey)",0.717,-2.893,0.119,0.253,0.0511,0.656,1,"David Guetta"
"I Can Only Imagine (feat. Chris Brown & Lil Wayne)",0.939,-2.06,0.335,0.264,0.0427,0.67,1,"David Guetta"
"Hey Mama (feat. Nicki Minaj, Bebe Rexha & Afrojack)",0.73,-4.091,0.325,0.525,0.151,0.596,1,"David Guetta"
"Where Them Girls At (feat. Nicki Minaj & Flo Rida)",0.876,-3.078,0.259,0.552,0.0414,0.666,1,"David Guetta"
"Would I Lie to You - Radio Edit",0.826,-5.766,0.631,0.774,0.309,0.671,1,"David Guetta"
"Play Hard (feat. Ne-Yo & Akon) - New Edit",0.87,-3.013,0.656,0.678,0.0435,0.723,1,"David Guetta"
"Little Bad Girl (feat. Taio Cruz & Ludacris)",0.829,-2.748,0.358,0.648,0.0334,0.668,1,"David Guetta"
"Who's That Chick? (feat. Rihanna)",0.601,-4.733,0.0458,0.931,0.116,0.675,1,"David Guetta"
"Lovers on the Sun (feat. Sam Martin) - Stadiumx Remix",0.9,-2.827,0.0638,0.278,0.0418,0.632,1,"David Guetta"
"Say My Name (feat. Bebe Rexha & J Balvin) - Afrojack & Chasner Remix",0.91,-3.916,0.0783,0.239,0.0594,0.406,1,"David Guetta"
"Make It To Heaven (with Raye) - Rework",0.62,-8.073,0.102,0.443,0.0375,0.679,1,"David Guetta"
"Say My Name (feat. Bebe Rexha & J Balvin) - Lucas & Steve Remix",0.747,-5.289,0.174,0.516,0.165,0.678,1,"David Guetta"
"Don't Leave Me Alone (feat. Anne-Marie) - R3HAB Remix",0.949,-2.697,0.488,0.293,0.0903,0.618,1,"David Guetta"
"Thing For You - Don Diablo Remix",0.886,-3.042,0.613,0.539,0.087,0.755,1,"David Guetta"
"When Love Takes Over (feat. Kelly Rowland)",0.863,-4.64,0.2,0.496,0.0255,0.658,1,"David Guetta"
"Freedom",0.802,-7.173,0.122,0.0616,0.0962,0.456,1,"David Guetta"
"Don't Leave Me Alone (feat. Anne-Marie)",0.738,-5.072,0.115,0.481,0.0477,0.659,1,"David Guetta"
"Your Love",0.937,-2.682,0.125,0.512,0.0336,0.571,1,"David Guetta"
"Everytime We Touch (with Steve Angello & Sebastian Ingrosso)",0.471,-7.667,0.179,0.355,0.0354,0.707,1,"David Guetta"
"Delirious (feat. Tara McDonald) - Laidback Luke Remix",0.687,-7.087,0.366,0.357,0.0717,0.804,1,"David Guetta"
"Tomorrow Can Wait",0.496,-7.306,0.854,0.319,0.0293,0.675,1,"David Guetta"
"Joan of Arc (feat. Thailand)",0.58,-7.814,0.0754,0.425,0.0408,0.611,1,"David Guetta"
"When Love Takes Over (feat. Kelly Rowland) - Laidback Luke Remix",0.775,-4.978,0.154,0.424,0.0537,0.71,1,"David Guetta"
"Stay",0.689,-7.904,0.066,0.403,0.0609,0.756,1,"David Guetta"
"Just For One Day (Heroes) (Extended Version)",0.658,-9.856,0.336,0.442,0.229,0.606,1,"David Guetta"
"Sexy Bitch (feat. Akon) - Featuring Akon;explicit",0.633,-4.99,0.148,0.853,0.0486,0.815,1,"David Guetta"
"Sound Of Letting Go (feat. Chris Willis)",0.71,-6.843,0.0521,0.53,0.0286,0.656,1,"David Guetta"
"It's your life (feat. Chris Willis)",0.894,-5.983,0.437,0.108,0.122,0.709,1,"David Guetta"
"Love Is Gone - Original Extended",0.508,-7.416,0.0364,0.685,0.0458,0.83,1,"David Guetta"
"She Wolf (Falling to Pieces) [feat. Sia]",0.859,-2.479,0.445,0.415,0.0679,0.51,1,"David Guetta"
"The Alphabeat - Radio Edit",0.811,-4.104,0.695,0.109,0.292,0.329,1,"David Guetta"
"Jump",0.941,-3.016,0.0781,0.362,0.182,0.775,1,"David Guetta"
"Don't Leave Me Alone (feat. Anne-Marie) - Oliver Heldens Remix",0.818,-6.717,0.359,0.155,0.0612,0.739,1,"David Guetta"
"Stay (Don't Go Away) [feat. Raye] - Nicky Romero Remix",0.907,-7.782,0.161,0.233,0.0477,0.593,1,"David Guetta"
"Just One Last Time (feat. Taped Rai)",0.814,-2.507,0.124,0.208,0.0579,0.532,1,"David Guetta"
"Closer (feat. Halsey)",0.524,-5.599,0.111,0.661,0.0338,0.748,10,"The Chainsmokers"
"Closer (feat. Halsey)",0.524,-5.599,0.111,0.661,0.0338,0.748,10,"The Chainsmokers"
"Closer (feat. Halsey)",0.524,-5.599,0.111,0.661,0.0338,0.748,10,"The Chainsmokers"
"Closer (feat. Halsey)",0.524,-5.599,0.111,0.661,0.0338,0.748,10,"The Chainsmokers"
"Closer (feat. Halsey)",0.524,-5.599,0.111,0.661,0.0338,0.748,10,"The Chainsmokers"
"Closer (feat. Halsey)",0.524,-5.599,0.111,0.661,0.0338,0.748,10,"The Chainsmokers"
"Closer (feat. Halsey)",0.524,-5.599,0.111,0.661,0.0338,0.748,10,"The Chainsmokers"
"Closer (feat. Halsey)",0.524,-5.599,0.111,0.661,0.0338,0.748,10,"The Chainsmokers"
"Closer (feat. Halsey)",0.524,-5.599,0.111,0.661,0.0338,0.748,10,"The Chainsmokers"
"Closer (feat. Halsey)",0.524,-5.599,0.111,0.661,0.0338,0.748,10,"The Chainsmokers"
"Takeaway (feat. Lennon Stella)",0.505,-8.106,0.0977,0.357,0.042,0.294,8,"The Chainsmokers"
"Takeaway (feat. Lennon Stella)",0.505,-8.106,0.0977,0.357,0.042,0.294,8,"The Chainsmokers"
"Takeaway (feat. Lennon Stella)",0.505,-8.106,0.0977,0.357,0.042,0.294,8,"The Chainsmokers"
"Takeaway (feat. Lennon Stella)",0.505,-8.106,0.0977,0.357,0.042,0.294,8,"The Chainsmokers"
"Takeaway (feat. Lennon Stella)",0.505,-8.106,0.0977,0.357,0.042,0.294,8,"The Chainsmokers"
"Takeaway (feat. Lennon Stella)",0.505,-8.106,0.0977,0.357,0.042,0.294,8,"The Chainsmokers"
"Takeaway (feat. Lennon Stella)",0.505,-8.106,0.0977,0.357,0.042,0.294,8,"The Chainsmokers"
"Takeaway (feat. Lennon Stella)",0.505,-8.106,0.0977,0.357,0.042,0.294,8,"The Chainsmokers"
"Call You Mine",0.702,-5.59,0.414,0.501,0.0289,0.591,7,"The Chainsmokers"
"Roses",0.802,-7.055,0.309,0.343,0.0561,0.713,7,"The Chainsmokers"
"Roses",0.802,-7.055,0.309,0.343,0.0561,0.713,7,"The Chainsmokers"
"Roses",0.808,-7.652,0.225,0.309,0.0473,0.718,7,"The Chainsmokers"
"Call You Mine",0.702,-5.59,0.414,0.501,0.0289,0.591,7,"The Chainsmokers"
"Roses",0.802,-7.055,0.309,0.343,0.0561,0.713,7,"The Chainsmokers"
"Roses",0.802,-7.055,0.309,0.343,0.0561,0.713,7,"The Chainsmokers"
"Call You Mine",0.702,-5.59,0.414,0.501,0.0289,0.591,7,"The Chainsmokers"
"Call You Mine",0.702,-5.59,0.414,0.501,0.0289,0.591,7,"The Chainsmokers"
"Call You Mine",0.702,-5.59,0.414,0.501,0.0289,0.591,7,"The Chainsmokers"
"Roses",0.802,-7.055,0.309,0.343,0.0561,0.713,7,"The Chainsmokers"
"Call You Mine",0.702,-5.59,0.414,0.501,0.0289,0.591,7,"The Chainsmokers"
"Roses",0.802,-7.055,0.309,0.343,0.0561,0.713,7,"The Chainsmokers"
"Call You Mine",0.702,-5.59,0.414,0.501,0.0289,0.591,7,"The Chainsmokers"
"Don't Let Me Down",0.869,-5.094,0.136,0.422,0.172,0.532,6,"The Chainsmokers"
"Don't Let Me Down",0.869,-5.094,0.136,0.422,0.172,0.532,6,"The Chainsmokers"
"Don't Let Me Down",0.869,-5.094,0.136,0.422,0.172,0.532,6,"The Chainsmokers"
"Don't Let Me Down",0.869,-5.094,0.136,0.422,0.172,0.532,6,"The Chainsmokers"
"Don't Let Me Down",0.869,-5.094,0.136,0.422,0.172,0.532,6,"The Chainsmokers"
"Don't Let Me Down",0.869,-5.094,0.136,0.422,0.172,0.532,6,"The Chainsmokers"
"Something Just Like This",0.635,-6.769,0.164,0.446,0.0317,0.617,5,"The Chainsmokers"
"Family",0.607,-6.605,0.101,0.374,0.0356,0.584,5,"The Chainsmokers"
"Something Just Like This",0.649,-6.695,0.174,0.505,0.0362,0.607,5,"The Chainsmokers"
"Something Just Like This",0.649,-6.695,0.174,0.505,0.0362,0.607,5,"The Chainsmokers"
"Something Just Like This",0.635,-6.769,0.164,0.446,0.0317,0.617,5,"The Chainsmokers"
"Family",0.607,-6.605,0.101,0.374,0.0356,0.584,5,"The Chainsmokers"
"Family",0.607,-6.605,0.101,0.374,0.0356,0.584,5,"The Chainsmokers"
"Family",0.607,-6.605,0.101,0.374,0.0356,0.584,5,"The Chainsmokers"
"Family",0.607,-6.605,0.101,0.374,0.0356,0.584,5,"The Chainsmokers"
"Something Just Like This",0.649,-6.695,0.174,0.505,0.0362,0.607,5,"The Chainsmokers"
"Don't Let Me Down - Illenium Remix",0.656,-3.712,0.15,0.355,0.075,0.428,4,"The Chainsmokers"
"Who Do You Love",0.835,-4.673,0.219,0.435,0.0447,0.51,4,"The Chainsmokers"
"Who Do You Love",0.835,-4.673,0.219,0.435,0.0447,0.51,4,"The Chainsmokers"
"Who Do You Love",0.835,-4.673,0.219,0.435,0.0447,0.51,4,"The Chainsmokers"
"Don't Let Me Down - Illenium Remix",0.656,-3.712,0.15,0.355,0.075,0.428,4,"The Chainsmokers"
"Who Do You Love",0.783,-6.143,0.174,0.493,0.0388,0.529,4,"The Chainsmokers"
"Don't Let Me Down - Illenium Remix",0.656,-3.712,0.15,0.355,0.075,0.428,4,"The Chainsmokers"
"Don't Let Me Down - W&W Remix",0.877,-5.677,0.126,0.484,0.121,0.431,4,"The Chainsmokers"
"Don't Let Me Down - W&W Remix",0.877,-5.677,0.126,0.484,0.121,0.431,4,"The Chainsmokers"
"Don't Let Me Down - W&W Remix",0.903,-4.638,0.115,0.446,0.14,0.435,4,"The Chainsmokers"
"Don't Let Me Down - Illenium Remix",0.656,-3.712,0.15,0.355,0.075,0.428,4,"The Chainsmokers"
"Don't Let Me Down - W&W Remix",0.877,-5.677,0.114,0.484,0.121,0.431,4,"The Chainsmokers"
"Somebody",0.616,-7.074,0.0928,0.292,0.0328,0.532,3,"The Chainsmokers"
"Something Just Like This - Alesso Remix",0.73,-5.99,0.122,0.568,0.0472,0.672,3,"The Chainsmokers"
"Push My Luck",0.643,-6.415,0.186,0.53,0.0395,0.584,3,"The Chainsmokers"
"Do You Mean (feat. Ty Dolla $ign & bülow)",0.666,-9.827,0.118,0.566,0.0394,0.6,3,"The Chainsmokers"
"Push My Luck",0.643,-6.415,0.186,0.53,0.0395,0.584,3,"The Chainsmokers"
"All We Know",0.586,-8.821,0.115,0.296,0.0307,0.662,3,"The Chainsmokers"
"Do You Mean (feat. Ty Dolla $ign & bülow)",0.666,-9.827,0.118,0.566,0.0394,0.6,3,"The Chainsmokers"
"All We Know",0.586,-8.821,0.115,0.296,0.0307,0.662,3,"The Chainsmokers"
"Somebody",0.616,-7.074,0.0928,0.292,0.0328,0.532,3,"The Chainsmokers"
"Do You Mean (feat. Ty Dolla $ign & bülow)",0.666,-9.827,0.118,0.566,0.0394,0.6,3,"The Chainsmokers"
"Somebody",0.63,-7.019,0.102,0.323,0.0493,0.32,3,"The Chainsmokers"
"Something Just Like This - Alesso Remix",0.73,-5.99,0.122,0.568,0.0472,0.672,3,"The Chainsmokers"
"Push My Luck",0.643,-6.415,0.186,0.53,0.0395,0.584,3,"The Chainsmokers"
"Something Just Like This - Alesso Remix",0.73,-5.99,0.122,0.568,0.0472,0.672,3,"The Chainsmokers"
"All We Know",0.586,-8.821,0.115,0.296,0.0307,0.662,3,"The Chainsmokers"
"Paris",0.644,-6.763,0.0888,0.251,0.031,0.646,2,"The Chainsmokers"
"All We Know - Oliver Heldens Remix",0.8,-5.852,0.314,0.43,0.0303,0.711,2,"The Chainsmokers"
"Roses - Zaxx Remix",0.881,-3.534,0.359,0.566,0.054,0.677,2,"The Chainsmokers"
"Setting Fires - Blasterjaxx Remix",0.938,-4.887,0.194,0.164,0.286,0.585,2,"The Chainsmokers"
"Takeaway - Andrew Rayel Remix",0.83,-3.301,0.0875,0.162,0.0727,0.469,2,"The Chainsmokers"
"Roses - Zaxx Remix",0.881,-3.534,0.359,0.566,0.054,0.677,2,"The Chainsmokers"
"Closer - R3hab Remix",0.559,-5.89,0.219,0.408,0.0417,0.775,2,"The Chainsmokers"
"Inside Out - DubVision Remix",0.799,-4.805,0.29,0.266,0.0551,0.719,2,"The Chainsmokers"
"Closer - R3hab Remix",0.559,-5.89,0.219,0.408,0.0417,0.775,2,"The Chainsmokers"
"All We Know - Oliver Heldens Remix",0.8,-5.852,0.314,0.43,0.0303,0.711,2,"The Chainsmokers"
"Paris",0.644,-6.763,0.0888,0.251,0.031,0.646,2,"The Chainsmokers"
"Takeaway - Andrew Rayel Remix",0.83,-3.301,0.0875,0.162,0.0727,0.469,2,"The Chainsmokers"
"Setting Fires - Blasterjaxx Remix",0.938,-4.887,0.194,0.164,0.286,0.585,2,"The Chainsmokers"
"Inside Out - DubVision Remix",0.799,-4.805,0.29,0.266,0.0551,0.719,2,"The Chainsmokers"
"Call You Mine - Asketa & Natan Chaim Remix",0.844,-3.364,0.499,0.283,0.0406,0.577,1,"The Chainsmokers"
"Kills You Slowly",0.429,-8.736,0.128,0.242,0.0554,0.696,1,"The Chainsmokers"
"Takeaway",0.511,-8.144,0.101,0.351,0.0324,0.528,1,"The Chainsmokers"
"This Feeling (feat. Kelsea Ballerini)",0.651,-5.304,0.0662,0.474,0.0432,0.539,1,"The Chainsmokers"
"Hope",0.699,-5.982,0.0814,0.513,0.0958,0.773,1,"The Chainsmokers"
"Closer",0.541,-5.597,0.11,0.662,0.0297,0.736,1,"The Chainsmokers"
"Young",0.564,-6.384,0.148,0.454,0.0291,0.615,1,"The Chainsmokers"
"Kanye",0.619,-6.575,0.117,0.121,0.0523,0.599,1,"The Chainsmokers"
"Push My Luck - Famba Remix",0.811,-6.427,0.0553,0.339,0.0396,0.632,1,"The Chainsmokers"
"Siren",0.779,-4.284,0.371,0.264,0.107,0.588,1,"The Chainsmokers"
"Closer - T-Mass Remix",0.821,-4.338,0.0796,0.608,0.0444,0.7,1,"The Chainsmokers"
"Side Effects - Nolan van Lith Remix",0.939,-4.024,0.0561,0.516,0.0977,0.548,1,"The Chainsmokers"
"Sick Boy",0.58,-7.524,0.127,0.462,0.121,0.548,1,"The Chainsmokers"
"Honest - Gil Glaze Remix",0.93,-5.742,0.137,0.454,0.0404,0.558,1,"The Chainsmokers"
"Until You Were Gone",0.698,-4.773,0.131,0.324,0.0451,0.577,1,"The Chainsmokers"
"This Feeling - Tim Gunter Remix",0.859,-3.809,0.087,0.291,0.0803,0.415,1,"The Chainsmokers"
"Sick Boy - Owen Norton Remix",0.876,-4.03,0.0825,0.504,0.0606,0.735,1,"The Chainsmokers"
"Everybody Hates Me - Khrebto Remix",0.912,-3.017,0.365,0.304,0.129,0.407,1,"The Chainsmokers"
"Until You Were Gone - Reez Remix",0.733,-6.127,0.358,0.316,0.0569,0.509,1,"The Chainsmokers"
"Don't Let Me Down - Hardwell & Sephyx Remix",0.897,-3.418,0.0625,0.283,0.0454,0.509,1,"The Chainsmokers"
"Paris - VINAI Remix",0.822,-3.309,0.356,0.335,0.0432,0.532,1,"The Chainsmokers"
"Something Just Like This - R3hab Remix",0.585,-6.848,0.097,0.348,0.0366,0.705,1,"The Chainsmokers"
"Who Do You Love - R3HAB Remix",0.698,-6.87,0.185,0.357,0.0456,0.529,1,"The Chainsmokers"
"Everybody Hates Me - Steerner Remix",0.863,-6.239,0.107,0.499,0.0957,0.453,1,"The Chainsmokers"
"You Owe Me - Subfer Remix",0.782,-4.49,0.108,0.364,0.131,0.484,1,"The Chainsmokers"
"Honest - Tritonal Remix",0.749,-5.829,0.632,0.382,0.0526,0.352,1,"The Chainsmokers"
"Inside Out",0.65,-5.853,0.122,0.121,0.0315,0.545,1,"The Chainsmokers"
"Setting Fires",0.717,-5.751,0.261,0.561,0.0376,0.627,1,"The Chainsmokers"
"You Owe Me - Magnace Remix",0.751,-4.282,0.103,0.341,0.0484,0.615,1,"The Chainsmokers"
"Something Just Like This - Dimitri Vegas & Like Mike Remix",0.786,-5.544,0.336,0.449,0.0669,0.455,1,"The Chainsmokers"
"Beach House - Ashworth Remix",0.707,-7.031,0.0719,0.403,0.0507,0.772,1,"The Chainsmokers"
"High On Life (feat. Bonn)",0.486,-6.431,0.111,0.368,0.0311,0.414,6,"Martin Garrix"
"High On Life (feat. Bonn)",0.486,-6.431,0.111,0.368,0.0311,0.414,6,"Martin Garrix"
"High On Life (feat. Bonn)",0.486,-6.431,0.111,0.368,0.0311,0.414,6,"Martin Garrix"
"Helicopter - Video Edit",0.96,-4.492,0.175,0.165,0.0379,0.584,6,"Martin Garrix"
"High On Life (feat. Bonn)",0.486,-6.431,0.111,0.368,0.0311,0.414,6,"Martin Garrix"
"Helicopter - Video Edit",0.96,-4.492,0.175,0.165,0.0379,0.584,6,"Martin Garrix"
"Helicopter - Video Edit",0.96,-4.492,0.175,0.165,0.0379,0.584,6,"Martin Garrix"
"High On Life (feat. Bonn)",0.486,-6.431,0.111,0.368,0.0311,0.414,6,"Martin Garrix"
"Helicopter - Video Edit",0.96,-4.492,0.175,0.165,0.0379,0.584,6,"Martin Garrix"
"Helicopter - Video Edit",0.96,-4.492,0.175,0.165,0.0379,0.584,6,"Martin Garrix"
"High On Life (feat. Bonn)",0.486,-6.431,0.111,0.368,0.0311,0.414,6,"Martin Garrix"
"Helicopter - Video Edit",0.96,-4.492,0.175,0.165,0.0379,0.584,6,"Martin Garrix"
"In the Name of Love",0.519,-5.88,0.454,0.168,0.0409,0.501,5,"Martin Garrix"
"Lions in the Wild",0.847,-6.81,0.816,0.28,0.0442,0.504,5,"Martin Garrix"
"Mistaken (feat. Alex Aris)",0.694,-4.912,0.133,0.0801,0.0386,0.424,5,"Martin Garrix"
"No Sleep (feat. Bonn)",0.635,-6.385,0.121,0.327,0.0326,0.44,5,"Martin Garrix"
"Mistaken (feat. Alex Aris)",0.694,-4.912,0.133,0.0801,0.0386,0.424,5,"Martin Garrix"
"No Sleep (feat. Bonn)",0.635,-6.385,0.121,0.327,0.0326,0.44,5,"Martin Garrix"
"In the Name of Love",0.519,-5.88,0.454,0.168,0.0409,0.501,5,"Martin Garrix"
"No Sleep (feat. Bonn)",0.635,-6.385,0.121,0.327,0.0326,0.44,5,"Martin Garrix"
"Mistaken (feat. Alex Aris)",0.694,-4.912,0.133,0.0801,0.0386,0.424,5,"Martin Garrix"
"Lions in the Wild",0.847,-6.81,0.816,0.28,0.0442,0.504,5,"Martin Garrix"
"In the Name of Love",0.519,-5.88,0.454,0.168,0.0409,0.501,5,"Martin Garrix"
"Lions in the Wild",0.847,-6.81,0.816,0.28,0.0442,0.504,5,"Martin Garrix"
"Mistaken (feat. Alex Aris)",0.694,-4.912,0.133,0.0801,0.0386,0.424,5,"Martin Garrix"
"No Sleep (feat. Bonn)",0.635,-6.385,0.121,0.327,0.0326,0.44,5,"Martin Garrix"
"In the Name of Love",0.519,-5.88,0.454,0.168,0.0409,0.501,5,"Martin Garrix"
"In the Name of Love",0.519,-5.88,0.454,0.168,0.0409,0.501,5,"Martin Garrix"
"Mistaken (feat. Alex Aris)",0.694,-4.912,0.133,0.0801,0.0386,0.424,5,"Martin Garrix"
"Lions in the Wild",0.847,-6.81,0.816,0.28,0.0442,0.504,5,"Martin Garrix"
"No Sleep (feat. Bonn)",0.635,-6.385,0.121,0.327,0.0326,0.44,5,"Martin Garrix"
"Lions in the Wild",0.847,-6.81,0.816,0.28,0.0442,0.504,5,"Martin Garrix"
"Used To Love (with Dean Lewis)",0.693,-4.722,0.335,0.392,0.0375,0.651,4,"Martin Garrix"
"These Are The Times (feat. JRM)",0.707,-6.19,0.16,0.607,0.0328,0.687,4,"Martin Garrix"
"Forbidden Voices",0.711,-5.927,0.135,0.3,0.0368,0.534,4,"Martin Garrix"
"These Are The Times (feat. JRM)",0.707,-6.19,0.16,0.607,0.0328,0.687,4,"Martin Garrix"
"Used To Love (with Dean Lewis)",0.693,-4.722,0.335,0.392,0.0375,0.651,4,"Martin Garrix"
"These Are The Times (feat. JRM)",0.707,-6.19,0.16,0.607,0.0328,0.687,4,"Martin Garrix"
"Virus (How About Now)",0.841,-5.51,0.801,0.0671,0.04,0.488,4,"Martin Garrix"
"Forbidden Voices",0.711,-5.927,0.135,0.3,0.0368,0.534,4,"Martin Garrix"
"Forbidden Voices",0.711,-5.927,0.135,0.3,0.0368,0.534,4,"Martin Garrix"
"Virus (How About Now)",0.841,-5.51,0.801,0.0671,0.04,0.488,4,"Martin Garrix"
"Virus (How About Now)",0.818,-6.252,0.824,0.0801,0.0395,0.493,4,"Martin Garrix"
"Used To Love (with Dean Lewis)",0.693,-4.722,0.335,0.392,0.0375,0.651,4,"Martin Garrix"
"Used To Love (with Dean Lewis)",0.693,-4.722,0.335,0.392,0.0375,0.651,4,"Martin Garrix"
"These Are The Times (feat. JRM)",0.707,-6.19,0.16,0.607,0.0328,0.687,4,"Martin Garrix"
"Forbidden Voices",0.711,-5.927,0.135,0.3,0.0368,0.534,4,"Martin Garrix"
"Virus (How About Now)",0.818,-6.252,0.824,0.0801,0.0395,0.493,4,"Martin Garrix"
"Scared to Be Lonely",0.54,-7.786,0.261,0.195,0.0576,0.584,3,"Martin Garrix"
"Burn Out (feat. Dewain Whitmore)",0.722,-5.751,0.0667,0.407,0.0398,0.594,3,"Martin Garrix"
"Glitch",0.792,-6.4,0.269,0.357,0.0325,0.715,3,"Martin Garrix"
"Forever",0.898,-3.604,0.166,0.22,0.0395,0.45,3,"Martin Garrix"
"Scared to Be Lonely",0.54,-7.786,0.261,0.195,0.0576,0.584,3,"Martin Garrix"
"There for You",0.644,-7.607,0.124,0.13,0.0553,0.611,3,"Martin Garrix"
"Together",0.729,-4.773,0.233,0.196,0.0343,0.509,3,"Martin Garrix"
"There for You",0.644,-7.607,0.124,0.13,0.0553,0.611,3,"Martin Garrix"
"Wizard - Radio Edit",0.916,-4.715,0.617,0.0795,0.052,0.565,3,"Martin Garrix"
"Hold On (feat. Michel Zitron)",0.711,-4.809,0.559,0.321,0.0385,0.422,3,"Martin Garrix"
"No Sleep (feat. Bonn) - DubVision Remix",0.79,-6.128,0.213,0.291,0.0589,0.584,3,"Martin Garrix"
"Glitch",0.792,-6.4,0.269,0.357,0.0325,0.715,3,"Martin Garrix"
"Dreamer - Nicky Romero Remix",0.751,-4.999,0.253,0.346,0.0599,0.435,3,"Martin Garrix"
"Burn Out (feat. Dewain Whitmore)",0.722,-5.751,0.0667,0.407,0.0398,0.594,3,"Martin Garrix"
"Forever",0.898,-3.604,0.166,0.22,0.0395,0.45,3,"Martin Garrix"
"Wizard - Radio Edit",0.916,-4.715,0.617,0.0795,0.052,0.565,3,"Martin Garrix"
"Together",0.729,-4.773,0.233,0.196,0.0343,0.509,3,"Martin Garrix"
"Waiting For Tomorrow (feat. Mike Shinoda)",0.887,-4.084,0.562,0.336,0.141,0.507,3,"Martin Garrix"
"Animals - Original Mix",0.866,-6.384,0.383,0.0376,0.0386,0.674,3,"Martin Garrix"
"Dreamer - Nicky Romero Remix",0.751,-4.999,0.253,0.346,0.0599,0.435,3,"Martin Garrix"
"No Sleep (feat. Bonn) - DubVision Remix",0.79,-6.128,0.213,0.291,0.0589,0.584,3,"Martin Garrix"
"No Sleep (feat. Bonn) - DubVision Remix",0.79,-6.128,0.213,0.291,0.0589,0.584,3,"Martin Garrix"
"Hold On (feat. Michel Zitron)",0.711,-4.809,0.559,0.321,0.0385,0.422,3,"Martin Garrix"
"There for You",0.644,-7.607,0.124,0.13,0.0553,0.611,3,"Martin Garrix"
"Scared to Be Lonely",0.54,-7.786,0.261,0.195,0.0576,0.584,3,"Martin Garrix"
"Wizard - Radio Edit",0.916,-4.715,0.617,0.0795,0.052,0.565,3,"Martin Garrix"
"Animals - Original Mix",0.866,-6.384,0.383,0.0376,0.0386,0.674,3,"Martin Garrix"
"Hold On (feat. Michel Zitron)",0.711,-4.809,0.559,0.321,0.0385,0.422,3,"Martin Garrix"
"Dreamer - Nicky Romero Remix",0.751,-4.999,0.253,0.346,0.0599,0.435,3,"Martin Garrix"
"Forever",0.898,-3.604,0.166,0.22,0.0395,0.45,3,"Martin Garrix"
"Together",0.729,-4.773,0.233,0.196,0.0343,0.509,3,"Martin Garrix"
"Waiting For Tomorrow (feat. Mike Shinoda)",0.887,-4.084,0.562,0.336,0.141,0.507,3,"Martin Garrix"
"Burn Out (feat. Dewain Whitmore)",0.722,-5.751,0.0667,0.407,0.0398,0.594,3,"Martin Garrix"
"Animals - Original Mix",0.868,-6.36,0.374,0.0376,0.0392,0.675,3,"Martin Garrix"
"Glitch",0.792,-6.4,0.269,0.357,0.0325,0.715,3,"Martin Garrix"
"Waiting For Tomorrow (feat. Mike Shinoda)",0.887,-4.084,0.562,0.336,0.141,0.507,3,"Martin Garrix"
"Home (feat. Bonn)",0.612,-4.855,0.132,0.236,0.0307,0.466,2,"Martin Garrix"
"Summer Days (feat. Macklemore & Patrick Stump of Fall Out Boy)",0.723,-6.976,0.14,0.316,0.0566,0.661,2,"Martin Garrix"
"Now That I've Found You",0.831,-5.812,0.495,0.414,0.0319,0.495,2,"Martin Garrix"
"So Far Away (feat. Jamie Scott & Romy Dya)",0.52,-7.985,0.197,0.13,0.0569,0.526,2,"Martin Garrix"
"Ocean (feat. Khalid)",0.693,-7.265,0.0891,0.221,0.0412,0.506,2,"Martin Garrix"
"Now That I've Found You",0.831,-5.812,0.495,0.414,0.0319,0.495,2,"Martin Garrix"
"Summer Days (feat. Macklemore & Patrick Stump of Fall Out Boy)",0.723,-6.976,0.14,0.316,0.0566,0.661,2,"Martin Garrix"
"Ocean (feat. Khalid)",0.693,-7.265,0.0891,0.221,0.0412,0.506,2,"Martin Garrix"
"So Far Away (feat. Jamie Scott & Romy Dya)",0.52,-7.985,0.197,0.13,0.0569,0.526,2,"Martin Garrix"
"Used To Love (with Dean Lewis) - SWACQ Remix",0.733,-6.302,0.593,0.47,0.0582,0.765,2,"Martin Garrix"
"Home (feat. Bonn)",0.612,-4.855,0.132,0.236,0.0307,0.466,2,"Martin Garrix"
"Latency",0.937,-1.098,0.497,0.449,0.18,0.66,2,"Martin Garrix"
"Summer Days (feat. Macklemore & Patrick Stump of Fall Out Boy) - Tiësto Remix",0.78,-4.446,0.0729,0.238,0.0594,0.69,2,"Martin Garrix"
"Pizza",0.712,-6.9,0.183,0.0378,0.0355,0.381,2,"Martin Garrix"
"There For You - Madison Mars Remix",0.947,-1.84,0.1,0.347,0.163,0.6,2,"Martin Garrix"
"Helicopter - Original Edit",0.962,-4.52,0.0977,0.0749,0.0427,0.601,2,"Martin Garrix"
"Dragon - Radio Edit",0.917,-4.048,0.0592,0.145,0.0628,0.513,2,"Martin Garrix"
"Now That I've Found You (feat. John & Michel)",0.831,-5.812,0.495,0.414,0.0319,0.495,2,"Martin Garrix"
"Spotless",0.828,-5.648,0.411,0.0605,0.0482,0.517,2,"Martin Garrix"
"Animals - Radio Edit",0.923,-5.461,0.071,0.0378,0.0353,0.589,2,"Martin Garrix"
"Error 404 - Original Mix",0.862,-7.102,0.0442,0.285,0.0887,0.673,2,"Martin Garrix"
"Scared To Be Lonely - Brooks Remix",0.796,-2.416,0.106,0.225,0.0597,0.604,2,"Martin Garrix"
"Byte",0.931,-4.026,0.0593,0.267,0.0329,0.597,2,"Martin Garrix"
"In the Name of Love - DallasK Remix",0.816,-3.156,0.348,0.102,0.0643,0.522,2,"Martin Garrix"
"So Far Away - Nicky Romero Remix",0.493,-4.89,0.0417,0.242,0.0443,0.569,2,"Martin Garrix"
"Sun Is Never Going Down (feat. Dawn Golden)",0.726,-5.964,0.266,0.266,0.0366,0.506,2,"Martin Garrix"
"Don't Look Down",0.831,-5.972,0.111,0.377,0.0356,0.575,2,"Martin Garrix"
"Dragon - Radio Edit",0.917,-4.048,0.0592,0.145,0.0628,0.513,2,"Martin Garrix"
"Error 404 - Original Mix",0.862,-7.102,0.0442,0.285,0.0887,0.673,2,"Martin Garrix"
"Wizard",0.902,-5.098,0.513,0.23,0.0707,0.582,2,"Martin Garrix"
"Wizard",0.915,-4.98,0.489,0.186,0.068,0.578,2,"Martin Garrix"
"Virus (How About Now) - Original Mix",0.86,-5.366,0.155,0.0399,0.0398,0.595,2,"Martin Garrix"
"Animals - Radio Edit",0.914,-5.351,0.0714,0.0381,0.0363,0.593,2,"Martin Garrix"
"Summer Days (feat. Macklemore & Patrick Stump of Fall Out Boy) - Tiësto Remix",0.78,-4.446,0.0729,0.238,0.0594,0.69,2,"Martin Garrix"
"So Far Away - Nicky Romero Remix",0.493,-4.89,0.0417,0.242,0.0443,0.569,2,"Martin Garrix"
"Pizza",0.712,-6.9,0.183,0.0378,0.0355,0.381,2,"Martin Garrix"
"There For You - Madison Mars Remix",0.947,-1.84,0.1,0.347,0.163,0.6,2,"Martin Garrix"
"Byte",0.931,-4.026,0.0593,0.267,0.0329,0.597,2,"Martin Garrix"
"Scared To Be Lonely - Brooks Remix",0.796,-2.416,0.106,0.225,0.0597,0.604,2,"Martin Garrix"
"In the Name of Love - DallasK Remix",0.816,-3.156,0.348,0.102,0.0643,0.522,2,"Martin Garrix"
"Sun Is Never Going Down (feat. Dawn Golden)",0.726,-5.964,0.266,0.266,0.0366,0.506,2,"Martin Garrix"
"Spotless",0.828,-5.648,0.411,0.0605,0.0482,0.517,2,"Martin Garrix"
"Virus (How About Now) - Original Mix",0.86,-5.366,0.155,0.0399,0.0398,0.595,2,"Martin Garrix"
"Latency",0.937,-1.098,0.497,0.449,0.18,0.66,2,"Martin Garrix"
"Don't Look Down",0.831,-5.972,0.111,0.377,0.0356,0.575,2,"Martin Garrix"
"Now That I've Found You (feat. John & Michel)",0.831,-5.812,0.495,0.414,0.0319,0.495,2,"Martin Garrix"
"Helicopter - Original Edit",0.962,-4.52,0.0977,0.0749,0.0427,0.601,2,"Martin Garrix"
"Used To Love (with Dean Lewis) - SWACQ Remix",0.733,-6.302,0.593,0.47,0.0582,0.765,2,"Martin Garrix"
"Ocean (feat. Khalid) - David Guetta Remix",0.824,-8.251,0.134,0.36,0.0795,0.609,1,"Martin Garrix"
"Just Some Loops - Original Mix",0.813,-6.344,0.371,0.223,0.147,0.814,1,"Martin Garrix"
"Proxy - Original Mix",0.698,-5.679,0.237,0.257,0.0335,0.682,1,"Martin Garrix"
"Animals - Jay Ronko Remix",0.967,-4.268,0.0614,0.188,0.0396,0.682,1,"Martin Garrix"
"Poison",0.756,-6.118,0.377,0.062,0.0363,0.502,1,"Martin Garrix"
"Bouncybob (feat. Justin Mylo & Mesto)",0.896,-7.863,0.13,0.331,0.0692,0.73,1,"Martin Garrix"
"Oops",0.535,-6.941,0.377,0.154,0.0421,0.618,1,"Martin Garrix"
"WIEE",0.835,-7.775,0.0711,0.373,0.0544,0.52,1,"Martin Garrix"
"Sun Is Never Going Down",0.726,-5.964,0.266,0.266,0.0366,0.506,1,"Martin Garrix"
"Welcome",0.962,-6.555,0.123,0.0422,0.136,0.689,1,"Martin Garrix"
"Scared To Be Lonely - LOOPERS Remix",0.934,-3.984,0.396,0.512,0.16,0.61,1,"Martin Garrix"
"There For You - Dzeko Remix",0.907,-5.224,0.165,0.515,0.154,0.61,1,"Martin Garrix"
"Yottabyte",0.632,-4.52,0.116,0.449,0.0313,0.634,1,"Martin Garrix"
"Game Over",0.941,-3.203,0.398,0.396,0.0895,0.606,1,"Martin Garrix"
"The Only Way Is Up - Radio Edit",0.81,-5.976,0.0906,0.173,0.0341,0.593,1,"Martin Garrix"
"Break Through The Silence - Radio Edit",0.95,-5.167,0.299,0.153,0.0666,0.573,1,"Martin Garrix"
"Proxy",0.695,-5.722,0.197,0.292,0.0334,0.667,1,"Martin Garrix"
"Animals",0.865,-6.381,0.382,0.0372,0.0389,0.676,1,"Martin Garrix"
"Animals - Oliver Heldens Remix",0.949,-5.1,0.188,0.513,0.0452,0.669,1,"Martin Garrix"
"In The Name Of Love - The Him Remix",0.864,-3.657,0.081,0.564,0.0379,0.642,1,"Martin Garrix"
"Scared To Be Lonely - DubVision Remix",0.844,-3.774,0.219,0.266,0.122,0.669,1,"Martin Garrix"
"Scared To Be Lonely - Conro Remix",0.683,-4.261,0.385,0.319,0.0651,0.501,1,"Martin Garrix"
"Animals - Victor Niglio & Martin Garrix Festival Trap Remix",0.869,-4.314,0.0343,0.374,0.0388,0.661,1,"Martin Garrix"
"Access",0.752,-7.401,0.201,0.174,0.0931,0.726,1,"Martin Garrix"
"Hold On (feat. Michel Zitron) - Julian Jordan Remix",0.71,-5.749,0.238,0.201,0.0533,0.723,1,"Martin Garrix"
"Mistaken (feat. Alex Aris) - Club Mix",0.782,-6.878,0.0693,0.119,0.0462,0.61,1,"Martin Garrix"
"Breach (Walk Alone)",0.953,-4.781,0.214,0.483,0.216,0.738,1,"Martin Garrix"
"Somebody To Love - 2011 Mix",0.698,-7.024,0.233,0.333,0.0624,0.406,5,"Queen"
"Somebody To Love - 2011 Mix",0.693,-7.024,0.215,0.358,0.0565,0.497,5,"Queen"
"Somebody To Love - 2011 Mix",0.698,-6.967,0.127,0.349,0.0629,0.466,5,"Queen"
"Somebody To Love - 2011 Mix",0.693,-7.024,0.215,0.358,0.0565,0.497,5,"Queen"
"Somebody To Love - 2011 Mix",0.698,-6.967,0.127,0.349,0.0629,0.466,5,"Queen"
"We Are The Champions - Remastered 2011",0.459,-6.94,0.118,0.175,0.0346,0.268,3,"Queen"
"Under Pressure - Remastered",0.711,-7.813,0.104,0.466,0.0478,0.671,3,"Queen"
"We Will Rock You - Remastered",0.497,-7.316,0.258,0.473,0.119,0.693,3,"Queen"
"Killer Queen - 2011 Mix",0.651,-6.326,0.133,0.612,0.0544,0.535,3,"Queen"
"Bohemian Rhapsody - 2011 Mix",0.404,-9.928,0.3,0.224,0.0499,0.414,3,"Queen"
"We Will Rock You - Remastered",0.497,-7.316,0.259,0.475,0.119,0.692,3,"Queen"
"Another One Bites The Dust - Remastered 2011",0.528,-6.472,0.163,0.754,0.161,0.933,3,"Queen"
"Under Pressure - Remastered",0.712,-7.268,0.0804,0.527,0.0479,0.663,3,"Queen"
"Another One Bites The Dust - Remastered 2011",0.528,-6.472,0.163,0.756,0.162,0.933,3,"Queen"
"We Will Rock You - Remastered",0.497,-7.316,0.258,0.473,0.119,0.693,3,"Queen"
"Killer Queen - 2011 Mix",0.65,-6.328,0.14,0.61,0.0554,0.535,3,"Queen"
"Bohemian Rhapsody - 2011 Mix",0.402,-9.961,0.243,0.228,0.0536,0.392,3,"Queen"
"Killer Queen - 2011 Mix",0.64,-6.374,0.0958,0.622,0.0472,0.526,3,"Queen"
"Bohemian Rhapsody - 2011 Mix",0.402,-9.961,0.243,0.228,0.0536,0.392,3,"Queen"
"We Are The Champions - Remastered 2011",0.459,-6.948,0.119,0.172,0.0346,0.268,3,"Queen"
"Another One Bites The Dust - Remastered 2011",0.528,-6.472,0.163,0.754,0.161,0.933,3,"Queen"
"We Are The Champions - Remastered 2011",0.459,-6.94,0.118,0.175,0.0346,0.268,3,"Queen"
"Under Pressure - Remastered",0.712,-7.815,0.103,0.462,0.0476,0.671,3,"Queen"
"Don't Stop Me Now - 2011 Mix",0.865,-5.277,0.77,0.601,0.16,0.563,2,"Queen"
"Seven Seas Of Rhye - Remastered 2011",0.458,-13.372,0.154,0.0447,0.0409,0.245,2,"Queen"
"Seven Seas Of Rhye - Remastered 2011",0.896,-6.089,0.253,0.421,0.104,0.317,2,"Queen"
"Stone Cold Crazy - Remastered 2011",0.922,-6.649,0.0954,0.439,0.0924,0.429,2,"Queen"
"Death On Two Legs (Dedicated To...) - Remastered 2011",0.691,-6.219,0.133,0.499,0.0554,0.373,2,"Queen"
"You're My Best Friend - Remastered 2011",0.76,-6.995,0.0706,0.55,0.0411,0.51,2,"Queen"
"39 - 2011 Mix",0.571,-9.686,0.111,0.373,0.0273,0.524,2,"Queen"
"Tie Your Mother Down - Remastered 2011",0.887,-5.588,0.367,0.196,0.0648,0.331,2,"Queen"
"Sheer Heart Attack - Remastered 2011",0.938,-4.624,0.359,0.383,0.126,0.155,2,"Queen"
"Don't Stop Me Now - 2011 Mix",0.868,-5.276,0.776,0.609,0.17,0.559,2,"Queen"
"Tie Your Mother Down - Remastered 2011",0.886,-5.6,0.35,0.16,0.0722,0.327,2,"Queen"
"Princes Of The Universe",0.623,-14.327,0.313,0.34,0.0633,0.396,2,"Queen"
"You're My Best Friend - Remastered 2011",0.761,-7.025,0.0715,0.576,0.0452,0.518,2,"Queen"
"39 - 2011 Mix",0.571,-9.686,0.111,0.373,0.0273,0.524,2,"Queen"
"Princes Of The Universe",0.623,-14.327,0.313,0.34,0.0633,0.396,2,"Queen"
"Sheer Heart Attack - Remastered 2011",0.938,-4.624,0.359,0.383,0.126,0.155,2,"Queen"
"Death On Two Legs (Dedicated To...) - Remastered 2011",0.691,-6.219,0.133,0.499,0.0554,0.373,2,"Queen"
"Stone Cold Crazy - Remastered 2011",0.922,-6.649,0.0954,0.439,0.0924,0.429,2,"Queen"
"Radio Ga Ga",0.414,-12.036,0.0942,0.731,0.0379,0.762,1,"Queen"
"Killer Queen - Remastered 2011",0.651,-6.326,0.133,0.612,0.0544,0.535,1,"Queen"
"We Are The Champions",0.312,-14.576,0.0949,0.221,0.033,0.281,1,"Queen"
"Keep Yourself Alive - 2011 Mix",0.736,-9.546,0.157,0.597,0.0744,0.442,1,"Queen"
"Doing Alright - Remastered 2011",0.286,-12.334,0.085,0.192,0.0344,0.339,1,"Queen"
"Great King Rat - Remastered 2011",0.845,-12.339,0.111,0.421,0.2,0.35,1,"Queen"
"My Fairy King - Remastered 2011",0.547,-10.124,0.134,0.247,0.0333,0.3,1,"Queen"
"Liar - Remastered 2011",0.784,-7.202,0.195,0.27,0.153,0.217,1,"Queen"
"The Night Comes Down - Remastered 2011",0.57,-12.374,0.396,0.642,0.0633,0.406,1,"Queen"
"Modern Times Rock 'N Roll - Remastered 2011",0.935,-9.151,0.831,0.6,0.0734,0.469,1,"Queen"
"Son And Daughter - Remastered 2011",0.723,-7.842,0.369,0.749,0.0434,0.328,1,"Queen"
"Jesus - Remastered 2011",0.747,-7.065,0.181,0.583,0.172,0.367,1,"Queen"
"Procession - Remastered 2011",0.0725,-23.459,0.137,0.435,0.032,0.415,1,"Queen"
"Father To Son - Remastered 2011",0.646,-11.086,0.188,0.213,0.0541,0.155,1,"Queen"
"White Queen (As It Began) - Remastered 2011",0.296,-12.441,0.133,0.172,0.0358,0.242,1,"Queen"
"Some Day One Day - Remastered 2011",0.573,-13.872,0.0792,0.699,0.0364,0.337,1,"Queen"
"The Loser In The End - Remastered 2011",0.813,-8.035,0.152,0.677,0.157,0.386,1,"Queen"
"Ogre Battle - Remastered 2011",0.823,-9.629,0.55,0.255,0.0928,0.271,1,"Queen"
"The Fairy Feller's Master-Stroke - Remastered 2011",0.897,-8.628,0.121,0.696,0.0909,0.441,1,"Queen"
"Nevermore - Remastered 2011",0.398,-11.527,0.13,0.181,0.0367,0.366,1,"Queen"
"The March Of The Black Queen - 2011 Mix",0.687,-8.44,0.64,0.136,0.0787,0.332,1,"Queen"
"Funny How Love Is - Remastered 2011",0.945,-8.388,0.346,0.392,0.081,0.444,1,"Queen"
"Brighton Rock - Remastered 2011",0.843,-9.17,0.789,0.348,0.378,0.354,1,"Queen"
"Tenement Funster - Remastered 2011",0.69,-7.362,0.345,0.529,0.0337,0.416,1,"Queen"
"Flick Of The Wrist - Remastered 2011",0.834,-6.061,0.227,0.553,0.0882,0.338,1,"Queen"
"Lily Of The Valley - Remastered 2011",0.264,-10.012,0.148,0.416,0.0281,0.339,1,"Queen"
"Now I'm Here - Remastered 2011",0.759,-6.938,0.0988,0.522,0.0511,0.492,1,"Queen"
"In The Lap Of The Gods - Remastered 2011",0.551,-6.43,0.348,0.23,0.0323,0.326,1,"Queen"
"Dear Friends - Remastered 2011",0.0455,-16.092,0.172,0.571,0.0344,0.317,1,"Queen"
"Misfire - Remastered 2011",0.84,-7.006,0.431,0.961,0.03,0.614,1,"Queen"
"Bring Back That Leroy Brown - Remastered 2011",0.641,-5.594,0.0763,0.863,0.0879,0.702,1,"Queen"
"She Makes Me (Stormtrooper In Stilettos) - Remastered 2011",0.533,-7.677,0.119,0.371,0.0257,0.461,1,"Queen"
"In The Lap Of The Gods... Revisited - Remastered 2011",0.575,-8.609,0.291,0.503,0.0368,0.41,1,"Queen"
"Lazing On A Sunday Afternoon - Remastered 2011",0.557,-9.108,0.0845,0.703,0.0535,0.645,1,"Queen"
"I'm In Love With My Car - Remastered 2011",0.803,-8.541,0.321,0.41,0.065,0.292,1,"Queen"
"Sweet Lady - Remastered 2011",0.862,-8.888,0.616,0.579,0.0738,0.312,1,"Queen"
"Seaside Rendezvous - Remastered 2011",0.699,-5.496,0.294,0.798,0.117,0.459,1,"Queen"
"The Prophet's Song - Remastered 2011",0.446,-9.819,0.348,0.18,0.0452,0.395,1,"Queen"
"Love Of My Life - Remastered 2011",0.179,-11.589,0.115,0.255,0.0299,0.329,1,"Queen"
"Good Company - Remastered 2011",0.409,-11.254,0.322,0.542,0.0431,0.488,1,"Queen"
"God Save The Queen - Remastered 2011",0.293,-15.308,0.279,0.24,0.0369,0.17,1,"Queen"
"You Take My Breath Away - Remastered 2011",0.213,-15.166,0.264,0.0787,0.0465,0.234,1,"Queen"
"Long Away - Remastered 2011",0.742,-6.458,0.263,0.317,0.0399,0.494,1,"Queen"
"The Millionaire Waltz - Remastered 2011",0.338,-7.625,0.129,0.37,0.0327,0.323,1,"Queen"
"You And I - Remastered 2011",0.869,-5.78,0.43,0.535,0.0599,0.526,1,"Queen"
"White Man - Remastered 2011",0.688,-7.738,0.241,0.266,0.0694,0.279,1,"Queen"
"Good Old-Fashioned Lover Boy - 2011 Mix",0.461,-6.724,0.0563,0.385,0.0302,0.543,1,"Queen"
"Drowse - Remastered 2011",0.561,-10.151,0.106,0.432,0.0338,0.439,1,"Queen"
"Teo Torriatte (Let Us Cling Together) - 2011 Mix",0.239,-10.202,0.101,0.122,0.0291,0.274,1,"Queen"
"All Dead, All Dead - Remastered 2011",0.0765,-14.57,0.114,0.305,0.0416,0.491,1,"Queen"
"Spread Your Wings - 2011 Mix",0.656,-6.462,0.0624,0.487,0.0329,0.395,1,"Queen"
"Fight From The Inside - Remastered 2011",0.848,-5.673,0.613,0.327,0.0755,0.577,1,"Queen"
"Get Down, Make Love - Remastered 2011",0.713,-4.825,0.212,0.369,0.268,0.446,1,"Queen"
"Sleeping On The Sidewalk - Remastered 2011",0.767,-7.811,0.387,0.644,0.027,0.619,1,"Queen"
"Who Needs You - Remastered 2011",0.381,-12.823,0.202,0.906,0.0528,0.863,1,"Queen"
"It's Late - Remastered 2011",0.691,-5.245,0.0899,0.513,0.0575,0.293,1,"Queen"
"My Melancholy Blues - Remastered 2011",0.202,-14.369,0.193,0.102,0.0333,0.469,1,"Queen"
"Mustapha - Remastered 2011",0.628,-9.902,0.0709,0.485,0.123,0.595,1,"Queen"
"Fat Bottomed Girls - 2011 Remaster",0.683,-7.679,0.342,0.419,0.0491,0.332,1,"Queen"
"Jealousy - Remastered 2011",0.478,-9.842,0.243,0.211,0.031,0.574,1,"Queen"
"Bicycle Race - Remastered 2011",0.671,-6.438,0.0947,0.633,0.0683,0.463,1,"Queen"
"If You Can't Beat Them - Remastered 2011",0.774,-5.434,0.358,0.665,0.0681,0.427,1,"Queen"
"Let Me Entertain You - Remastered 2011",0.902,-4.826,0.737,0.592,0.197,0.521,1,"Queen"
"Dead On Time - Remastered 2011",0.954,-4.56,0.237,0.421,0.288,0.31,1,"Queen"
"In Only Seven Days - Remastered 2011",0.469,-7.148,0.128,0.409,0.0306,0.517,1,"Queen"
"Dreamer's Ball - Remastered 2011",0.369,-7.616,0.419,0.406,0.0346,0.607,1,"Queen"
"Fun It - Remastered 2011",0.614,-6.846,0.0808,0.834,0.296,0.832,1,"Queen"
"Leaving Home Ain't Easy - Remastered 2011",0.454,-9.208,0.112,0.216,0.028,0.518,1,"Queen"
"More Of That Jazz - Remastered 2011",0.717,-5.787,0.0936,0.514,0.0656,0.354,1,"Queen"
"Play The Game - Remastered 2011",0.7,-5.772,0.122,0.273,0.0346,0.242,1,"Queen"
"Dragon Attack - Remastered 2011",0.867,-5.482,0.266,0.557,0.149,0.7,1,"Queen"
"Need Your Loving Tonight - Remastered 2011",0.876,-3.879,0.242,0.804,0.0393,0.604,1,"Queen"
"Crazy Little Thing Called Love - Remastered 2011",0.761,-6.887,0.349,0.712,0.0421,0.599,1,"Queen"
"Rock It (Prime Jive) - Remastered 2011",0.915,-5.698,0.064,0.634,0.0612,0.47,1,"Queen"
"Don't Try Suicide - Remastered 2011",0.486,-7.543,0.0314,0.646,0.2,0.796,1,"Queen"
"Sail Away Sweet Sister - Remastered 2011",0.5,-6.937,0.0907,0.196,0.0282,0.512,1,"Queen"
"Coming Soon - Remastered 2011",0.915,-5.785,0.156,0.863,0.0455,0.685,1,"Queen"
"Save Me - Remastered 2011",0.452,-6.8,0.109,0.322,0.0269,0.507,1,"Queen"
"Staying Power - Remastered 2011",0.855,-6.105,0.0801,0.491,0.109,0.823,1,"Queen"
"Dancer - Remastered 2011",0.476,-6.112,0.0494,0.511,0.0344,0.74,1,"Queen"
"Back Chat - Remastered 2011",0.844,-6.423,0.372,0.71,0.0637,0.787,1,"Queen"
"Body Language - Remastered 2011",0.538,-9.593,0.102,0.367,0.0654,0.828,1,"Queen"
"Action This Day - Remastered 2011",0.478,-6.121,0.0801,0.909,0.0403,0.727,1,"Queen"
"Put Out The Fire - Remastered 2011",0.855,-5.869,0.184,0.467,0.0599,0.545,1,"Queen"
"Life Is Real (Song For Lennon) - Remastered 2011",0.447,-8.303,0.07,0.345,0.0246,0.571,1,"Queen"
"Calling All Girls - Remastered 2011",0.718,-6.749,0.0661,0.619,0.0346,0.613,1,"Queen"
"Las Palabras De Amor (The Words Of Love) - Remastered 2011",0.558,-7.643,0.0704,0.132,0.0282,0.395,1,"Queen"
"Cool Cat - Remastered 2011",0.4,-9.927,0.18,0.838,0.11,0.818,1,"Queen"
"Bohemian Rhapsody - Remastered 2011",0.404,-9.928,0.3,0.224,0.0499,0.414,1,"Queen"
"Bohemian Rhapsody - 2011 Remaster",0.398,-9.973,0.195,0.236,0.0515,0.392,1,"Queen"
"I Want It All - Remastered 2011",0.834,-5.786,0.385,0.389,0.0472,0.398,1,"Queen"
"Fat Bottomed Girls",0.645,-10.159,0.307,0.43,0.0439,0.327,1,"Queen"
"Another One Bites The Dust",0.392,-12.083,0.123,0.771,0.122,0.922,1,"Queen"
"Fat Bottomed Girls - Remastered 2011",0.684,-7.674,0.342,0.404,0.0495,0.337,1,"Queen"
"Under Pressure",0.535,-12.657,0.0858,0.429,0.0523,0.67,1,"Queen"
"Danza Kuduro",0.915,-4.89,0.0503,0.878,0.28,0.4,5,"Don Omar"
"Danza Kuduro",0.915,-4.89,0.0503,0.878,0.28,0.4,5,"Don Omar"
"Dile",0.714,-7.501,0.042,0.714,0.141,0.817,5,"Don Omar"
"Dile",0.744,-6.096,0.0692,0.748,0.0938,0.822,5,"Don Omar"
"Dile",0.714,-7.438,0.0528,0.724,0.139,0.828,5,"Don Omar"
"Dile",0.705,-7.503,0.0561,0.711,0.16,0.676,5,"Don Omar"
"Danza Kuduro",0.915,-4.89,0.0503,0.878,0.28,0.4,5,"Don Omar"
"Dile",0.714,-7.501,0.042,0.714,0.141,0.817,5,"Don Omar"
"Danza Kuduro",0.917,-4.897,0.065,0.889,0.115,0.699,5,"Don Omar"
"Danza Kuduro",0.915,-4.89,0.0503,0.878,0.28,0.4,5,"Don Omar"
"Te Quiero Pa´Mi",0.812,-3.95,0.192,0.661,0.0593,0.759,4,"Don Omar"
"Virtual Diva",0.881,-4.205,0.753,0.729,0.0505,0.785,4,"Don Omar"
"Dale Don Dale",0.852,-6.471,0.13,0.813,0.0789,0.825,4,"Don Omar"
"Te Quiero Pa´Mi",0.812,-3.95,0.192,0.661,0.0593,0.759,4,"Don Omar"
"Dale Don Dale",0.852,-6.471,0.13,0.813,0.0789,0.825,4,"Don Omar"
"Virtual Diva",0.87,-4.657,0.393,0.692,0.0485,0.783,4,"Don Omar"
"Dale Don Dale",0.818,-7.827,0.0892,0.807,0.0825,0.831,4,"Don Omar"
"Te Quiero Pa´Mi",0.816,-3.99,0.197,0.624,0.0595,0.765,4,"Don Omar"
"Dale Don Dale",0.809,-7.84,0.0887,0.803,0.0845,0.822,4,"Don Omar"
"Virtual Diva",0.941,-1.311,0.696,0.653,0.0667,0.76,4,"Don Omar"
"Te Quiero Pa´Mi",0.81,-4.024,0.178,0.571,0.0664,0.762,4,"Don Omar"
"Virtual Diva",0.87,-4.657,0.393,0.692,0.0485,0.783,4,"Don Omar"
"Zumba",0.894,-3.494,0.128,0.832,0.0397,0.729,3,"Don Omar"
"Perdido En Tus Ojos",0.882,-4.546,0.226,0.787,0.0312,0.684,3,"Don Omar"
"No Se De Ella ""My Space""",0.676,-9.174,0.242,0.77,0.0934,0.815,3,"Don Omar"
"Ayer La Vi",0.716,-8.398,0.163,0.771,0.0541,0.801,3,"Don Omar"
"Dutty Love",0.873,-3.373,0.114,0.899,0.082,0.742,3,"Don Omar"
"Taboo",0.884,-5.782,0.0827,0.813,0.0641,0.442,3,"Don Omar"
"Guaya Guaya",0.872,-2.116,0.136,0.687,0.243,0.689,3,"Don Omar"
"No Se De Ella ""My Space""",0.676,-9.174,0.242,0.77,0.0934,0.815,3,"Don Omar"
"Ayer La Vi",0.716,-8.398,0.18,0.771,0.0541,0.801,3,"Don Omar"
"Hooka",0.86,-5.09,0.804,0.817,0.16,0.732,3,"Don Omar"
"Good Looking",0.878,-6.684,0.733,0.76,0.164,0.655,3,"Don Omar"
"No Se De Ella ""My Space""",0.667,-9.182,0.258,0.776,0.092,0.817,3,"Don Omar"
"Dutty Love",0.875,-3.365,0.13,0.91,0.109,0.738,3,"Don Omar"
"Guaya Guaya",0.873,-2.322,0.0908,0.703,0.117,0.788,3,"Don Omar"
"Taboo",0.886,-5.811,0.0879,0.808,0.0828,0.43,3,"Don Omar"
"Zumba",0.894,-3.494,0.128,0.832,0.0397,0.729,3,"Don Omar"
"Hooka",0.863,-5.082,0.491,0.818,0.154,0.73,3,"Don Omar"
"Good Looking",0.88,-6.695,0.814,0.757,0.156,0.629,3,"Don Omar"
"Perdido En Tus Ojos",0.882,-4.546,0.226,0.787,0.0312,0.684,3,"Don Omar"
"Dutty Love",0.873,-3.373,0.114,0.899,0.082,0.742,3,"Don Omar"
"Zumba",0.894,-3.494,0.128,0.832,0.0397,0.729,3,"Don Omar"
"Good Looking",0.88,-6.695,0.814,0.757,0.156,0.629,3,"Don Omar"
"Hooka",0.863,-5.082,0.491,0.818,0.154,0.73,3,"Don Omar"
"Guaya Guaya",0.873,-2.322,0.0908,0.703,0.117,0.788,3,"Don Omar"
"Perdido En Tus Ojos",0.882,-4.546,0.226,0.787,0.0312,0.684,3,"Don Omar"
"Ayer La Vi",0.707,-8.403,0.152,0.808,0.0533,0.798,3,"Don Omar"
"Taboo",0.884,-5.782,0.0827,0.813,0.0641,0.442,3,"Don Omar"
"Salió El Sol",0.701,-5.892,0.0466,0.965,0.0873,0.887,2,"Don Omar"
"Pobre Diabla",0.763,-6.995,0.0877,0.849,0.0517,0.748,2,"Don Omar"
"Salió El Sol",0.727,-5.907,0.0432,0.963,0.0845,0.884,2,"Don Omar"
"Hasta Abajo",0.919,-3.867,0.0882,0.683,0.0792,0.697,2,"Don Omar"
"Sexy Robotica",0.867,-5.138,0.449,0.561,0.0334,0.741,2,"Don Omar"
"Blue Zone",0.712,-4.47,0.455,0.478,0.0541,0.796,2,"Don Omar"
"RX",0.869,-4.452,0.13,0.907,0.284,0.7,2,"Don Omar"
"En Su Nota",0.843,-5.927,0.156,0.883,0.272,0.657,2,"Don Omar"
"Pobre Diabla",0.748,-7.006,0.0849,0.85,0.0568,0.741,2,"Don Omar"
"Sexy Robotica",0.867,-5.138,0.449,0.561,0.0334,0.741,2,"Don Omar"
"Blue Zone",0.712,-4.47,0.455,0.478,0.0541,0.796,2,"Don Omar"
"Tírate Al Medio",0.901,-4.365,0.857,0.2,0.0536,0.603,2,"Don Omar"
"Hasta Abajo",0.919,-3.867,0.0882,0.683,0.0792,0.697,2,"Don Omar"
"RX",0.867,-4.468,0.163,0.892,0.27,0.646,2,"Don Omar"
"En Su Nota",0.843,-5.927,0.156,0.883,0.272,0.657,2,"Don Omar"
"Tírate Al Medio",0.901,-4.365,0.857,0.2,0.0536,0.603,2,"Don Omar"
"Danza Kuduro - Radio Edit",0.899,-5.601,0.043,0.887,0.12,0.699,1,"Don Omar"
"No Te Vayas",0.692,-6.759,0.0864,0.652,0.0382,0.759,1,"Don Omar"
"Bandoleros",0.896,-5.311,0.186,0.79,0.251,0.662,1,"Don Omar"
"Salio El Sol",0.722,-5.862,0.043,0.964,0.0844,0.883,1,"Don Omar"
"Ojitos Chiquitos",0.839,-3.267,0.0946,0.792,0.24,0.801,1,"Don Omar"
"Vacilón",0.519,-9.483,0.311,0.685,0.0824,0.734,1,"Don Omar"
"Ramayama",0.708,-5.252,0.387,0.961,0.138,0.696,1,"Don Omar"
"Salió El Sol - Remastered 2016",0.749,-5.277,0.0436,0.964,0.0973,0.884,1,"Don Omar"
"Ojitos Chiquitos - Remastered 2016",0.863,-2.587,0.0698,0.803,0.237,0.791,1,"Don Omar"
"Cuéntale - Remastered 2016",0.94,-2.751,0.258,0.609,0.188,0.578,1,"Don Omar"
"Aunque Te Fuiste",0.566,-8.35,0.417,0.414,0.0444,0.568,1,"Don Omar"
"Conteo - Remastered 2016",0.707,-5.547,0.33,0.307,0.226,0.818,1,"Don Omar"
"Angelito - Remastered 2016",0.691,-4.332,0.167,0.29,0.0415,0.637,1,"Don Omar"
"Quien La Vio Llorar",0.567,-6.894,0.354,0.376,0.0361,0.47,1,"Don Omar"
"No Sigue Modas Aka Ella No Sigue Modas",0.868,-4.558,0.0258,0.842,0.0854,0.704,1,"Don Omar"
"Hasta Que Salga El Sol",0.958,-4.029,0.331,0.885,0.349,0.355,1,"Don Omar"
"Belly Danza - Remastered 2016",0.873,-2.912,0.0818,0.913,0.238,0.808,1,"Don Omar"
"Ronca",0.891,-5.54,0.0536,0.715,0.199,0.676,1,"Don Omar"
"Slow Motion",0.842,-4.919,0.0382,0.695,0.222,0.736,1,"Don Omar"
"Te Recordaré Bailando",0.888,-4.778,0.0565,0.727,0.0441,0.718,1,"Don Omar"
"Ella Ella",0.667,-5.845,0.0647,0.688,0.124,0.821,1,"Don Omar"
"Repórtense - Remastered 2016",0.881,-4.335,0.306,0.536,0.0909,0.771,1,"Don Omar"
"Not To Much - Remastered 2016",0.726,-4.59,0.203,0.261,0.0564,0.752,1,"Don Omar"
"Bailando Sola - Remastered 2016",0.653,-4.857,0.248,0.324,0.27,0.748,1,"Don Omar"
"Sandunga",0.855,-5.108,0.0443,0.798,0.134,0.857,1,"Don Omar"
"Dobla Rodilla",0.909,-4.871,0.341,0.715,0.106,0.663,1,"Don Omar"
"Huerfano De Amor",0.692,-7.941,0.381,0.861,0.0449,0.718,1,"Don Omar"
"Soledad",0.876,-4.41,0.376,0.645,0.101,0.62,1,"Don Omar"
"How We Roll",0.753,-8.877,0.352,0.734,0.172,0.742,1,"Don Omar"
"Yo Soy De Aqui",0.738,-3.508,0.414,0.729,0.172,0.698,1,"Don Omar"
"Encanto",0.871,-5.123,0.0752,0.902,0.0499,0.744,1,"Don Omar"
"Luna Llena",0.787,-6.299,0.242,0.394,0.0366,0.735,1,"Don Omar"
"Intocable",0.631,-8.124,0.107,0.482,0.172,0.887,1,"Don Omar"
"Así Es Que Es",0.861,-4.927,0.0724,0.863,0.204,0.539,1,"Don Omar"
"Conteo - Fast And The Furious: Tokyo Drift Version",0.645,-7.314,0.281,0.322,0.214,0.824,1,"Don Omar"
"Entre Tu y Yo",0.535,-12.982,0.346,0.662,0.191,0.828,1,"Don Omar"
"Los Bandoleros (feat. Tego Calderon)",0.878,-4.813,0.322,0.77,0.381,0.592,1,"Don Omar"
