"X","track_id","track_name","track_artist","track_popularity","track_album_id","track_album_name","track_album_release_date","playlist_name","playlist_id","playlist_genre","playlist_subgenre","danceability","energy","key","loudness","mode","speechiness","acousticness","instrumentalness","liveness","valence","tempo","duration_ms"
15,"55nMnifaQWKe3f9cbwOXwx","Summer Days (feat. Macklemore & Patrick Stump of Fall Out Boy) - Ti√´sto Remix","Martin Garrix",63,"2vx3BtBMn8Ed3ygEg1OT2t","Summer Days (feat. Macklemore & Patrick Stump of Fall Out Boy) [Remixes]","2019-07-12",NA,"37i9dQZF1DXcZDD7cfEKhW","pop","dance pop",NA,0.78,5,-4.446,0,0.0594,0.00733,0.00183,0.0729,0.238,126.07,255238
109,"1ahVFh0ViDZr8LvkEVlq3B","No Sleep (feat. Bonn)","Martin Garrix",76,"7KJTuTXYSnBGNgAxte3CSg","No Sleep (feat. Bonn)","2019-02-21","Dance Pop","37i9dQZF1DWZQaaqNMbbXa","pop","dance pop",0.44,NA,11,-6.385,1,0.0326,0.129,0,0.121,0.327,128.133,207095
126,"4aTtHoSBB0CuQGA6vXBNyp","Home (feat. Bonn)","Martin Garrix",72,"1cL51Zp86zgzMDTXRiq8w9","Home (feat. Bonn)","2019-08-16","Dance Pop","37i9dQZF1DWZQaaqNMbbXa","pop","dance pop",0.466,0.612,8,-4.855,0,0.0307,0.0655,4.07e-06,0.132,0.236,128.114,239067
138,"3ebXMykcMXOcLeJ9xZ17XH","Scared to Be Lonely","Martin Garrix",81,"2v9rQe4F8fVSh5v8bAq0jF","Scared to Be Lonely","2017-01-27","Dance Pop","37i9dQZF1DWZQaaqNMbbXa","pop","dance pop",0.584,0.54,1,-7.786,0,0.0576,0.0895,0,0.261,0.195,137.972,220883
200,"7pWK1kMgHy5lNNiIfuRbkP","Used To Love (with Dean Lewis)","Martin Garrix",83,"3YD1qyD9KPFzzTK1UC1Gvo","Used To Love (with Dean Lewis)","2019-10-31","Dance Room","37i9dQZF1DX2ENAPP1Tyed","pop","dance pop",0.651,0.693,4,-4.722,1,0.0375,0.458,0,0.335,0.392,118.97,236765
238,"5YN0zHycJ0Yxz31A5QsVov","These Are The Times (feat. JRM)","Martin Garrix",71,"2OkqLVAw949KZZ8lgMMIdj","These Are The Times (feat. JRM)","2019-07-18","Cardio","37i9dQZF1DWSJHnPb1f0X3","pop","dance pop",0.687,0.707,4,-6.19,1,0.0328,0.0536,9.29e-05,0.16,0.607,127.033,188656
301,"7Feaw9WAEREY0DUOSXJLOM","Summer Days (feat. Macklemore & Patrick Stump of Fall Out Boy)","Martin Garrix",83,"0xbuJLlb5afBcmCpdOaszR","Summer Days (feat. Macklemore & Patrick Stump of Fall Out Boy)","2019-04-25","Dance Pop Hits","37i9dQZF1DX6pH08wMhkaI","pop","dance pop",0.661,0.723,5,-6.976,0,0.0566,0.179,1.23e-05,0.14,0.316,113.778,163805
338,"4ut5G4rgB1ClpMTMfjoIuy","High On Life (feat. Bonn)","Martin Garrix",77,"1GUfof1gHsqYjoHFym3aim","High On Life (feat. Bonn)","2018-07-29","Pop Warmup 130 BPM","37i9dQZF1DX3PIAZMcbo2T","pop","dance pop",0.414,0.486,6,-6.431,0,0.0311,0.0129,0,0.111,0.368,128.038,230762
342,"7IWTIkiWGWNQyYfOLdMrGD","Burn Out (feat. Dewain Whitmore)","Martin Garrix",68,"3feYPmyPH7tqh1ZfsU0D0i","Burn Out (feat. Dewain Whitmore)","2018-09-14","Pop Warmup 130 BPM","37i9dQZF1DX3PIAZMcbo2T","pop","dance pop",0.594,0.722,4,-5.751,0,0.0398,0.0156,0,0.0667,0.407,127.877,200322
349,"47knrBbYhqtrggWYSkU6h1","Glitch","Martin Garrix",56,"1Vb1gttHEF1ehOTvga4VSM","Glitch","2018-12-14","Pop Warmup 130 BPM","37i9dQZF1DX3PIAZMcbo2T","pop","dance pop",0.715,0.792,2,-6.4,0,0.0325,0.055,0.0236,0.269,0.357,128.024,185161
376,"23L5CiUhw2jV1OIMwthR3S","In the Name of Love","Martin Garrix",80,"1FOJ5IXGXe8dl0cXvCU6wK","In the Name of Love","2016-07-29","Pop Warmup 130 BPM","37i9dQZF1DX3PIAZMcbo2T","pop","dance pop",0.501,0.519,4,-5.88,0,0.0409,0.109,0,0.454,0.168,133.99,195707
516,"5EwwwdsQfKI8ZnFG93j5Zu","Forever","Martin Garrix",62,"7zFHC5p1ylePX7dNxln5iJ","Forever","2017-10-20","Dance Pop","0B2HdP15IucgE0vk3sluJR","pop","dance pop",0.45,0.898,8,-3.604,0,0.0395,0.0277,0.0616,0.166,0.22,127.983,218437
533,"6F1kPSgdnlSzZRfskE9vaV","Lions in the Wild","Martin Garrix",2,"39GUANQpkDHusLAAJPPS7z","Lions in the Wild","2016-05-27","Dance Pop","0B2HdP15IucgE0vk3sluJR","pop","dance pop",0.504,0.847,7,-6.81,0,0.0442,0.00434,0,0.816,0.28,127.854,211890
538,"24tVqMiAtv8jmpNPhBEsDY","Now That I've Found You","Martin Garrix",57,"38DkYeBW88ThKrbi21eRLB","Now That I've Found You","2016-03-11","Dance Pop","0B2HdP15IucgE0vk3sluJR","pop","dance pop",0.495,0.831,5,-5.812,0,0.0319,0.021,4.79e-05,0.495,0.414,128.064,192632
571,"18KjYhghq6K3ZmfcewWDp6","Mistaken (feat. Alex Aris)","Martin Garrix",68,"36EtVEn1SVViW6Pi8rD9n8","Mistaken (feat. Alex Aris)","2019-03-31","Dance Pop Tunes","4SdfG4cPG3skmTiQLozZGh","pop","dance pop",0.424,0.694,6,-4.912,0,0.0386,0.0573,0.000937,0.133,0.0801,128.034,282481
1371,"1ahVFh0ViDZr8LvkEVlq3B","No Sleep (feat. Bonn)","Martin Garrix",76,"7KJTuTXYSnBGNgAxte3CSg","No Sleep (feat. Bonn)","2019-02-21","Pop - Pop UK - 2019 - Canadian Pop - 2019 - Pop","46Cl6dmeiylK6TRGXr7hHe","pop","post-teen pop",0.44,0.635,11,-6.385,1,0.0326,0.129,0,0.121,0.327,128.133,207095
1376,"18KjYhghq6K3ZmfcewWDp6","Mistaken (feat. Alex Aris)","Martin Garrix",68,"36EtVEn1SVViW6Pi8rD9n8","Mistaken (feat. Alex Aris)","2019-03-31","Pop - Pop UK - 2019 - Canadian Pop - 2019 - Pop","46Cl6dmeiylK6TRGXr7hHe","pop","post-teen pop",0.424,0.694,6,-4.912,0,0.0386,0.0573,0.000937,0.133,0.0801,128.034,282481
1387,"4ut5G4rgB1ClpMTMfjoIuy","High On Life (feat. Bonn)","Martin Garrix",77,"1GUfof1gHsqYjoHFym3aim","High On Life (feat. Bonn)","2018-07-29","Pop - Pop UK - 2019 - Canadian Pop - 2019 - Pop","46Cl6dmeiylK6TRGXr7hHe","pop","post-teen pop",0.414,0.486,6,-6.431,0,0.0311,0.0129,0,0.111,0.368,128.038,230762
2558,"3ebXMykcMXOcLeJ9xZ17XH","Scared to Be Lonely","Martin Garrix",81,"2v9rQe4F8fVSh5v8bAq0jF","Scared to Be Lonely","2017-01-27","Electropop Hits  2017-2020","7kyvBmlc1uSqsTL0EuNLrx","pop","electropop",0.584,0.54,1,-7.786,0,0.0576,0.0895,0,0.261,0.195,137.972,220883
2598,"4ut5G4rgB1ClpMTMfjoIuy","High On Life (feat. Bonn)","Martin Garrix",77,"1GUfof1gHsqYjoHFym3aim","High On Life (feat. Bonn)","2018-07-29","Electropop 2019","4Bi8VLtaSu0JILliif8lH6","pop","electropop",0.414,0.486,6,-6.431,0,0.0311,0.0129,0,0.111,0.368,128.038,230762
2668,"1ahVFh0ViDZr8LvkEVlq3B","No Sleep (feat. Bonn)","Martin Garrix",76,"7KJTuTXYSnBGNgAxte3CSg","No Sleep (feat. Bonn)","2019-02-21","Electropop 2019","4Bi8VLtaSu0JILliif8lH6","pop","electropop",0.44,0.635,11,-6.385,1,0.0326,0.129,0,0.121,0.327,128.133,207095
2677,"23L5CiUhw2jV1OIMwthR3S","In the Name of Love","Martin Garrix",80,"1FOJ5IXGXe8dl0cXvCU6wK","In the Name of Love","2016-07-29","ELECTROPOP","2UsEj2GUukV0GLbsE3rldz","pop","electropop",0.501,0.519,4,-5.88,0,0.0409,0.109,0,0.454,0.168,133.99,195707
2865,"0OlnLZY4cmQzT6ZGttvWBM","So Far Away (feat. Jamie Scott & Romy Dya)","Martin Garrix",72,"3jMnO9ehAlTTCxNeVMu1zY","So Far Away (feat. Jamie Scott & Romy Dya)","2017-12-01","Electropop - Pop","5TiiHps0hNCyQ6ijVkNZQs","pop","electropop",0.526,0.52,6,-7.985,0,0.0569,0.435,0,0.197,0.13,149.119,183637
2867,"3nc420PXjTdBV5TN0gCFkS","Ocean (feat. Khalid)","Martin Garrix",76,"1XQ6XbZ6ZM1V5iEtWlYDeH","Ocean (feat. Khalid)","2018-06-15","Electropop - Pop","5TiiHps0hNCyQ6ijVkNZQs","pop","electropop",0.506,0.693,0,-7.265,0,0.0412,0.584,9.58e-05,0.0891,0.221,139.912,216420
2914,"6jA8HL9i4QGzsj6fjoxp8Y","There for You","Martin Garrix",74,"0OK35duHpTPnvqya2d4pnn","There for You","2017-05-26","Electropop - Pop","5TiiHps0hNCyQ6ijVkNZQs","pop","electropop",0.611,0.644,6,-7.607,0,0.0553,0.124,0,0.124,0.13,105.969,221904
2917,"6nLctpnQJiPTxkaSgbPKiw","Together","Martin Garrix",61,"0f1CZexom6ELxbDZx32fyk","Seven","2016-10-28","Electropop - Pop","5TiiHps0hNCyQ6ijVkNZQs","pop","electropop",0.509,0.729,1,-4.773,1,0.0343,0.0732,2.73e-05,0.233,0.196,127.871,221274
3284,"6EsH66Uto1zwZlDGQ6RokU","Forbidden Voices","Martin Garrix",64,"3COyh97TYskmV4cOqPed49","Forbidden Voices","2015-02-23","Mix ElectroPop//ElectroHouse// DeepHouse 2020","23swqzpOZwW1NhPiZ7iyFI","pop","electropop",0.534,0.711,10,-5.927,0,0.0368,0.05,0.0031,0.135,0.3,128.102,230635
3765,"24tVqMiAtv8jmpNPhBEsDY","Now That I've Found You","Martin Garrix",57,"38DkYeBW88ThKrbi21eRLB","Now That I've Found You","2016-03-11","ElectroPop","0cuHKz65ZPqBX1brG8djlg","pop","electropop",0.495,0.831,5,-5.812,0,0.0319,0.021,4.79e-05,0.495,0.414,128.064,192632
4669,"1ahVFh0ViDZr8LvkEVlq3B","No Sleep (feat. Bonn)","Martin Garrix",76,"7KJTuTXYSnBGNgAxte3CSg","No Sleep (feat. Bonn)","2019-02-21","indie poptimismüï∫üèª","6MQeEHHDs6HQkN5Dlj3oKo","pop","indie poptimism",0.44,0.635,11,-6.385,1,0.0326,0.129,0,0.121,0.327,128.133,207095
4690,"6jA8HL9i4QGzsj6fjoxp8Y","There for You","Martin Garrix",74,"0OK35duHpTPnvqya2d4pnn","There for You","2017-05-26","indie poptimismüï∫üèª","6MQeEHHDs6HQkN5Dlj3oKo","pop","indie poptimism",0.611,0.644,6,-7.607,0,0.0553,0.124,0,0.124,0.13,105.969,221904
8165,"1toz8k7rYIw4FS5jOSXxYH","Helicopter - Video Edit","Martin Garrix",2,"6PzXquldNYOf5zFoPO3ZsI","Helicopter","2014-03-10","HIP&HOP","5DyJsJZOpMJh34WvUrQzMV","rap","southern hip hop",0.584,0.96,7,-4.492,0,0.0379,0.0104,0.516,0.175,0.165,128.003,206450
8166,"4OqlUZGcMmd2s0SXxd8Jn3","Wizard - Radio Edit","Martin Garrix",0,"2UFJjEzvzXNw73jDLbHH86","Wizard","2013-12-16","HIP&HOP","5DyJsJZOpMJh34WvUrQzMV","rap","southern hip hop",0.565,0.916,7,-4.715,0,0.052,0.00439,0.488,0.617,0.0795,127.844,202412
16768,"5YN0zHycJ0Yxz31A5QsVov","These Are The Times (feat. JRM)","Martin Garrix",71,"2OkqLVAw949KZZ8lgMMIdj","These Are The Times (feat. JRM)","2019-07-18","Tropical House üèù 2020 Hits","2SRbIs0eBQwHeTP7kErjwo","latin","tropical",0.687,0.707,4,-6.19,1,0.0328,0.0536,9.29e-05,0.16,0.607,127.033,188656
16796,"7Feaw9WAEREY0DUOSXJLOM","Summer Days (feat. Macklemore & Patrick Stump of Fall Out Boy)","Martin Garrix",83,"0xbuJLlb5afBcmCpdOaszR","Summer Days (feat. Macklemore & Patrick Stump of Fall Out Boy)","2019-04-25","Tropical House üèù 2020 Hits","2SRbIs0eBQwHeTP7kErjwo","latin","tropical",0.661,0.723,5,-6.976,0,0.0566,0.179,1.23e-05,0.14,0.316,113.778,163805
17389,"3nc420PXjTdBV5TN0gCFkS","Ocean (feat. Khalid)","Martin Garrix",76,"1XQ6XbZ6ZM1V5iEtWlYDeH","Ocean (feat. Khalid)","2018-06-15","EDM TROPICAL","3pS63EDS40FVGYL41zAcU4","latin","tropical",0.506,0.693,0,-7.265,0,0.0412,0.584,9.58e-05,0.0891,0.221,139.912,216420
23830,"0OlnLZY4cmQzT6ZGttvWBM","So Far Away (feat. Jamie Scott & Romy Dya)","Martin Garrix",72,"3jMnO9ehAlTTCxNeVMu1zY","So Far Away (feat. Jamie Scott & Romy Dya)","2017-12-01","Today's Hits (Clean)","7ENISpOJhocpMJVcGb0qcT","r&b","hip pop",0.526,0.52,6,-7.985,0,0.0569,0.435,0,0.197,0.13,149.119,183637
26813,"2Ceq5Ty6rJqazoZIWyS0Vc","Ocean (feat. Khalid) - David Guetta Remix","Martin Garrix",64,"2lYxgMaJP2bGy4dhIToqzS","Ocean (feat. Khalid) [David Guetta Remix]","2018-08-17","Electro House 2020","317O0e8iWJLClLGDKtieRe","edm","electro house",0.609,0.824,0,-8.251,0,0.0795,0.0913,2.88e-05,0.134,0.36,127.072,195833
26854,"22zxLxXlXrBIm7XaazHNrg","Hold On (feat. Michel Zitron)","Martin Garrix",75,"2BxWklE9D6hPhvPgcvLWtZ","Hold On (feat. Michel Zitron)","2019-12-27","Electro House Top Tracks","1G0q0NK7g3C0XerNqq7GbL","edm","electro house",0.422,0.711,2,-4.809,0,0.0385,0.0176,0,0.559,0.321,128.066,244453
26893,"2vfiK6HFMl34UzBxq4NNSK","Used To Love (with Dean Lewis) - SWACQ Remix","Martin Garrix",58,"6Rf09sVx3axyYeTP42EXgU","Used To Love (with Dean Lewis) [Remixes]","2019-12-20","Electro House Top Tracks","1G0q0NK7g3C0XerNqq7GbL","edm","electro house",0.765,0.733,4,-6.302,1,0.0582,0.205,1.28e-05,0.593,0.47,125.037,220800
26903,"0mV5JWhyUFANd9qpwLkM8d","No Sleep (feat. Bonn) - DubVision Remix","Martin Garrix",69,"3z4efVJv1e3GmoR7PybqHR","2019 Remixed","2019-12-31","Electro House Top Tracks","1G0q0NK7g3C0XerNqq7GbL","edm","electro house",0.584,0.79,11,-6.128,1,0.0589,0.0455,0,0.213,0.291,127.972,239062
26918,"4aTtHoSBB0CuQGA6vXBNyp","Home (feat. Bonn)","Martin Garrix",72,"1cL51Zp86zgzMDTXRiq8w9","Home (feat. Bonn)","2019-08-16","Electro House Top Tracks","1G0q0NK7g3C0XerNqq7GbL","edm","electro house",0.466,0.612,8,-4.855,0,0.0307,0.0655,4.07e-06,0.132,0.236,128.114,239067
27270,"7pWK1kMgHy5lNNiIfuRbkP","Used To Love (with Dean Lewis)","Martin Garrix",83,"3YD1qyD9KPFzzTK1UC1Gvo","Used To Love (with Dean Lewis)","2019-10-31","EDM 2020 House & Dance","25ButZrVb1Zj1MJioMs09D","edm","electro house",0.651,0.693,4,-4.722,1,0.0375,0.458,0,0.335,0.392,118.97,236765
27480,"47knrBbYhqtrggWYSkU6h1","Glitch","Martin Garrix",56,"1Vb1gttHEF1ehOTvga4VSM","Glitch","2018-12-14","Electro House","6k45gxiQhfVqACfIdqONsC","edm","electro house",0.715,0.792,2,-6.4,0,0.0325,0.055,0.0236,0.269,0.357,128.024,185161
27482,"5w00Xed2Okc8qZ9s5zOhbe","Latency","Martin Garrix",49,"5dv1oLETxdsYOkS2Sic00z","BYLAW EP","2018-10-19","Electro House","6k45gxiQhfVqACfIdqONsC","edm","electro house",0.66,0.937,1,-1.098,1,0.18,0.0328,0.0683,0.497,0.449,128.112,204375
27572,"5YN0zHycJ0Yxz31A5QsVov","These Are The Times (feat. JRM)","Martin Garrix",71,"2OkqLVAw949KZZ8lgMMIdj","These Are The Times (feat. JRM)","2019-07-18","New House   ‚Äç","54XvQQsViMBwjO1ws2o2wx","edm","electro house",0.687,0.707,4,-6.19,1,0.0328,0.0536,9.29e-05,0.16,0.607,127.033,188656
27578,"1sI9LpIHEEzQwSVnp8oyfD","Summer Days (feat. Macklemore & Patrick Stump of Fall Out Boy) - Ti√´sto Remix","Martin Garrix",10,"5ex1zIdBg0py0Dew5MH0dF","Summer Days (feat. Macklemore & Patrick Stump of Fall Out Boy) [Ti√´sto Remix]","2019-06-21","New House   ‚Äç","54XvQQsViMBwjO1ws2o2wx","edm","electro house",0.69,0.78,5,-4.446,0,0.0594,0.00733,0.00183,0.0729,0.238,126.07,255238
27594,"18KjYhghq6K3ZmfcewWDp6","Mistaken (feat. Alex Aris)","Martin Garrix",68,"36EtVEn1SVViW6Pi8rD9n8","Mistaken (feat. Alex Aris)","2019-03-31","New House   ‚Äç","54XvQQsViMBwjO1ws2o2wx","edm","electro house",0.424,0.694,6,-4.912,0,0.0386,0.0573,0.000937,0.133,0.0801,128.034,282481
27599,"58ctD8HaEUXJkdv7TTsmG8","Dreamer - Nicky Romero Remix","Martin Garrix",52,"05anULzMxwpFurSgQ0WLNk","Dreamer (Remixes Vol. 1)","2018-12-07","New House   ‚Äç","54XvQQsViMBwjO1ws2o2wx","edm","electro house",0.435,0.751,1,-4.999,1,0.0599,0.128,0,0.253,0.346,124.332,224762
27602,"7IWTIkiWGWNQyYfOLdMrGD","Burn Out (feat. Dewain Whitmore)","Martin Garrix",68,"3feYPmyPH7tqh1ZfsU0D0i","Burn Out (feat. Dewain Whitmore)","2018-09-14","New House   ‚Äç","54XvQQsViMBwjO1ws2o2wx","edm","electro house",0.594,0.722,4,-5.751,0,0.0398,0.0156,0,0.0667,0.407,127.877,200322
27607,"4ut5G4rgB1ClpMTMfjoIuy","High On Life (feat. Bonn)","Martin Garrix",77,"1GUfof1gHsqYjoHFym3aim","High On Life (feat. Bonn)","2018-07-29","New House   ‚Äç","54XvQQsViMBwjO1ws2o2wx","edm","electro house",0.414,0.486,6,-6.431,0,0.0311,0.0129,0,0.111,0.368,128.038,230762
27626,"5EwwwdsQfKI8ZnFG93j5Zu","Forever","Martin Garrix",62,"7zFHC5p1ylePX7dNxln5iJ","Forever","2017-10-20","New House   ‚Äç","54XvQQsViMBwjO1ws2o2wx","edm","electro house",0.45,0.898,8,-3.604,0,0.0395,0.0277,0.0616,0.166,0.22,127.983,218437
27632,"5oAgI7Pzg6vxuKrfapg3Pi","Pizza","Martin Garrix",59,"2GNtmwsvrBPWHl8aaOXJMp","Pizza","2017-08-25","New House   ‚Äç","54XvQQsViMBwjO1ws2o2wx","edm","electro house",0.381,0.712,5,-6.9,1,0.0355,0.000408,0.589,0.183,0.0378,127.967,255103
27634,"5K3NDUPkLe46b5DRMt2RNJ","There For You - Madison Mars Remix","Martin Garrix",47,"2XXJOpnawvArFxXTu2A1VM","There For You: The Remixes","2017-08-18","New House   ‚Äç","54XvQQsViMBwjO1ws2o2wx","edm","electro house",0.6,0.947,6,-1.84,0,0.163,0.0395,0,0.1,0.347,126.045,175000
27652,"0OMds9VuIlMusNnBt4vgMQ","Just Some Loops - Original Mix","Martin Garrix",0,"6nEblU85K7SFtUlVEwmkVp","Spinnin' Records ADE 2013 (Amsterdam Dance Event 2013)","2013-10-05","Jeff Seid Electro House","2Tisn6NZbeofpc57Oc6MGo","edm","electro house",0.814,0.813,7,-6.344,1,0.147,0.00022,0.893,0.371,0.223,128.012,303760
27657,"3BC5s3KuoL1lhtllHkY4lV","Wizard - Radio Edit","Martin Garrix",1,"4HQAV590YcGCUIfSIlLyWD","Wizard","2013-12-16","Jeff Seid Electro House","2Tisn6NZbeofpc57Oc6MGo","edm","electro house",0.565,0.916,7,-4.715,0,0.052,0.00439,0.488,0.617,0.0795,127.844,202413
27659,"5ZnzVZrSja6miEOxZIV8Q6","Virus (How About Now)","Martin Garrix",3,"5kLRzKHClRO3TX5LeSzljZ","Virus (How About Now)","2014-10-27","Jeff Seid Electro House","2Tisn6NZbeofpc57Oc6MGo","edm","electro house",0.488,0.841,5,-5.51,0,0.04,0.00197,0.127,0.801,0.0671,128.071,198077
27663,"3m3OwRXheUtBRKmcVNUsFo","Helicopter - Original Edit","Martin Garrix",2,"4MrQAUymyrKSb6u7o2Kdpm","Helicopter","2014-03-17","Jeff Seid Electro House","2Tisn6NZbeofpc57Oc6MGo","edm","electro house",0.601,0.962,3,-4.52,1,0.0427,0.00984,0.291,0.0977,0.0749,128.055,202507
27664,"0HSHOXIDMwhFbXHnaxpvxE","Proxy - Original Mix","Martin Garrix",1,"4cLnteeIFyOB8TqAfyOISy","Proxy","2014-03-07","Jeff Seid Electro House","2Tisn6NZbeofpc57Oc6MGo","edm","electro house",0.682,0.698,0,-5.679,1,0.0335,0.0087,0.834,0.237,0.257,128.058,279385
27670,"6oheWhUHTYSegLGV9x3BMd","Dragon - Radio Edit","Martin Garrix",2,"5D8IRQ0MLsDQ5t6CMf6vWV","Break Through The Silence EP","2015-07-27","Jeff Seid Electro House","2Tisn6NZbeofpc57Oc6MGo","edm","electro house",0.513,0.917,7,-4.048,0,0.0628,0.00543,0.816,0.0592,0.145,128.024,196671
27671,"4kcsjzzTSW263lhs5VOhVa","Animals - Jay Ronko Remix","Martin Garrix",10,"6G4JmAUhxgonriAaZNmwYR","Animals (The Remixes Part 1)","2014-02-03","Jeff Seid Electro House","2Tisn6NZbeofpc57Oc6MGo","edm","electro house",0.682,0.967,1,-4.268,1,0.0396,0.00762,0.278,0.0614,0.188,110.024,253093
27672,"2BF1X5nkYYSb0AUTRaGkDm","Forbidden Voices","Martin Garrix",5,"26oYqQO1MNxFLMfPttGRSS","Forbidden Voices","2015-02-23","Jeff Seid Electro House","2Tisn6NZbeofpc57Oc6MGo","edm","electro house",0.534,0.711,10,-5.927,0,0.0368,0.05,0.0031,0.135,0.3,128.102,230635
27678,"4ZkVOb0mNnm3MFY2LeyqHY","Poison","Martin Garrix",2,"2m4U0aYL6QDgbkL5GFbCmn","Poison","2015-11-02","Jeff Seid Electro House","2Tisn6NZbeofpc57Oc6MGo","edm","electro house",0.502,0.756,7,-6.118,0,0.0363,0.00429,0.769,0.377,0.062,128.125,248447
27684,"0MyfJah9XRKoF68chrxVmZ","Bouncybob (feat. Justin Mylo & Mesto)","Martin Garrix",2,"0r2CYC1JLU7EyYEJeKBdJM","Bouncybob (feat. Justin Mylo & Mesto)","2015-12-31","Jeff Seid Electro House","2Tisn6NZbeofpc57Oc6MGo","edm","electro house",0.73,0.896,9,-7.863,0,0.0692,0.000727,0.806,0.13,0.331,128.012,251260
27688,"7wZorJD5loL9ceLJ67sg6S","Now That I've Found You (feat. John & Michel)","Martin Garrix",4,"2HtWz2HnIBnS4ErQywXnpx","Now That I've Found You (feat. John & Michel)","2016-03-11","Jeff Seid Electro House","2Tisn6NZbeofpc57Oc6MGo","edm","electro house",0.495,0.831,5,-5.812,0,0.0319,0.021,4.79e-05,0.495,0.414,128.064,192632
27695,"6F1kPSgdnlSzZRfskE9vaV","Lions in the Wild","Martin Garrix",2,"39GUANQpkDHusLAAJPPS7z","Lions in the Wild","2016-05-27","Jeff Seid Electro House","2Tisn6NZbeofpc57Oc6MGo","edm","electro house",0.504,0.847,7,-6.81,0,0.0442,0.00434,0,0.816,0.28,127.854,211890
27697,"79IZKAygtVmTcVnJ2mlaIS","Oops","Martin Garrix",2,"1DhpxDHUD5pVBUQdJCpqML","Oops","2016-06-13","Jeff Seid Electro House","2Tisn6NZbeofpc57Oc6MGo","edm","electro house",0.618,0.535,1,-6.941,1,0.0421,0.00115,0,0.377,0.154,128.022,232510
27700,"23L5CiUhw2jV1OIMwthR3S","In the Name of Love","Martin Garrix",80,"1FOJ5IXGXe8dl0cXvCU6wK","In the Name of Love","2016-07-29","Jeff Seid Electro House","2Tisn6NZbeofpc57Oc6MGo","edm","electro house",0.501,0.519,4,-5.88,0,0.0409,0.109,0,0.454,0.168,133.99,195707
27712,"6uCsQ6JlUCEKTRhC2kQjPK","WIEE","Martin Garrix",49,"6xeK3VX1svqq1He5HR5bvb","WIEE","2016-10-15","Jeff Seid Electro House","2Tisn6NZbeofpc57Oc6MGo","edm","electro house",0.52,0.835,1,-7.775,1,0.0544,0.278,0.863,0.0711,0.373,127.955,203452
27713,"1NKCqXjcYZ81Budit2CQMh","Sun Is Never Going Down","Martin Garrix",54,"5CqHs2WdQDh3vkwT8qRr9H","Sun Is Never Going Down","2016-10-16","Jeff Seid Electro House","2Tisn6NZbeofpc57Oc6MGo","edm","electro house",0.506,0.726,5,-5.964,0,0.0366,0.00308,8.05e-05,0.266,0.266,128.044,204418
27714,"3lBoISh2FvtpdQt1lsU9nN","Spotless","Martin Garrix",51,"3TEZe0MRkP0Vm530f8DPTg","Spotless","2016-10-17","Jeff Seid Electro House","2Tisn6NZbeofpc57Oc6MGo","edm","electro house",0.517,0.828,8,-5.648,0,0.0482,9.69e-05,0.841,0.411,0.0605,128.077,195005
27715,"4KX39APEOO2EgiZFkcJOfR","Together","Martin Garrix",49,"0hqMOru1WMB5gkHS7eJequ","Together","2016-10-20","Jeff Seid Electro House","2Tisn6NZbeofpc57Oc6MGo","edm","electro house",0.509,0.729,1,-4.773,1,0.0343,0.0732,2.73e-05,0.233,0.196,127.871,221274
27725,"7Jwe4iWB1G6c7TE7fRedrm","Animals - Radio Edit","Martin Garrix",8,"63Xla1b6MLjkfo8An0Fjib","Animals","2013-10-08","Jeff Seid Electro House","2Tisn6NZbeofpc57Oc6MGo","edm","electro house",0.589,0.923,1,-5.461,1,0.0353,0.00118,0.338,0.071,0.0378,128.041,176120
27726,"5ZvAZJEH4R4YEbZegv1VDK","Welcome","Martin Garrix",38,"5cD22R50i22Gh9L1UDSBYD","Welcome","2016-10-19","Jeff Seid Electro House","2Tisn6NZbeofpc57Oc6MGo","edm","electro house",0.689,0.962,1,-6.555,0,0.136,0.00216,0.411,0.123,0.0422,117.988,185095
27727,"2MyJqg3BXc0vAD8KUtKHkS","Error 404 - Original Mix","Martin Garrix",0,"3AhSh9pB2o3JoN8c1eAmU1","Error 404","2013-03-18","Jeff Seid Electro House","2Tisn6NZbeofpc57Oc6MGo","edm","electro house",0.673,0.862,2,-7.102,1,0.0887,0.000203,0.794,0.0442,0.285,127.983,333760
27730,"389MC596K4IN35zaHAyuYz","Scared To Be Lonely - Brooks Remix","Martin Garrix",51,"5dwSRV6U5oyxplujp17RQQ","Scared To Be Lonely Remixes Vol. 1","2017-03-17","Jeff Seid Electro House","2Tisn6NZbeofpc57Oc6MGo","edm","electro house",0.604,0.796,1,-2.416,0,0.0597,0.0126,0,0.106,0.225,127.991,200625
27733,"590BSKBR5povyuY6GPq1T3","Scared To Be Lonely - LOOPERS Remix","Martin Garrix",31,"5jTkDSrXEBAowWeHpsA1a2","Scared To Be Lonely Remixes Vol. 2","2017-03-24","Jeff Seid Electro House","2Tisn6NZbeofpc57Oc6MGo","edm","electro house",0.61,0.934,0,-3.984,1,0.16,0.0024,0.00345,0.396,0.512,128.01,251274
27734,"20hsdn8oITBsuWNLhzr5eh","Byte","Martin Garrix",60,"7bhogovOiLN8d5QEKltWyc","Byte","2017-04-07","Jeff Seid Electro House","2Tisn6NZbeofpc57Oc6MGo","edm","electro house",0.597,0.931,7,-4.026,0,0.0329,0.000636,0.821,0.0593,0.267,128.031,285089
27749,"7qDV8EUMjj5sJdholWKUqk","There For You - Dzeko Remix","Martin Garrix",42,"2XXJOpnawvArFxXTu2A1VM","There For You: The Remixes","2017-08-18","Jeff Seid Electro House","2Tisn6NZbeofpc57Oc6MGo","edm","electro house",0.61,0.907,2,-5.224,1,0.154,0.0207,3.82e-05,0.165,0.515,126.235,159048
27771,"55y30bh2ZUtzOXjWLxn7XT","In the Name of Love - DallasK Remix","Martin Garrix",59,"1WSShu5SDgRFWR9ZXImKLM","In The Name Of Love Remixes","2016-11-11","Crossfit‚Äè‚Äè‚Äã‚Äã   ‚Äç","5GiPRvTccToqwOzkoAcDrY","edm","electro house",0.522,0.816,4,-3.156,0,0.0643,0.0126,4.19e-06,0.348,0.102,134.103,200597
27774,"27YP211Rr8RezhiFVDLFI8","Waiting For Tomorrow (feat. Mike Shinoda)","Martin Garrix",59,"5dv1oLETxdsYOkS2Sic00z","BYLAW EP","2018-10-19","Crossfit‚Äè‚Äè‚Äã‚Äã   ‚Äç","5GiPRvTccToqwOzkoAcDrY","edm","electro house",0.507,0.887,5,-4.084,0,0.141,0.00731,0,0.562,0.336,128.015,247505
27790,"7J7D2Ezp32LxlYuNTZX48n","So Far Away - Nicky Romero Remix","Martin Garrix",40,"7sdcEE59A6EGhriYpDSTTE","So Far Away (Remixes Vol. 1)","2017-12-29","Crossfit‚Äè‚Äè‚Äã‚Äã   ‚Äç","5GiPRvTccToqwOzkoAcDrY","edm","electro house",0.569,0.493,6,-4.89,0,0.0443,0.0196,1e-04,0.0417,0.242,125.967,342857
27792,"1PYsy4cGp3egbeaQDjIGIa","Yottabyte","Martin Garrix",56,"5dv1oLETxdsYOkS2Sic00z","BYLAW EP","2018-10-19","Crossfit‚Äè‚Äè‚Äã‚Äã   ‚Äç","5GiPRvTccToqwOzkoAcDrY","edm","electro house",0.634,0.632,5,-4.52,0,0.0313,0.0129,0.000453,0.116,0.449,128.075,210005
27794,"6x7r0lpyqxBKGq8J7LFMeu","Sun Is Never Going Down (feat. Dawn Golden)","Martin Garrix",52,"0f1CZexom6ELxbDZx32fyk","Seven","2016-10-28","Crossfit‚Äè‚Äè‚Äã‚Äã   ‚Äç","5GiPRvTccToqwOzkoAcDrY","edm","electro house",0.506,0.726,5,-5.964,0,0.0366,0.00308,8.05e-05,0.266,0.266,128.044,204418
27798,"5Zpe48RJ5Vs1YuFRodYdeS","Game Over","Martin Garrix",57,"28DX5MHDKHdqLJ4UUHmzve","Game Over","2018-04-20","Crossfit‚Äè‚Äè‚Äã‚Äã   ‚Äç","5GiPRvTccToqwOzkoAcDrY","edm","electro house",0.606,0.941,1,-3.203,1,0.0895,0.00401,0.136,0.398,0.396,128.018,155645
27970,"766RKRQ1ZJjmdBQ9y54HKj","Animals - Original Mix","Martin Garrix",5,"63Xla1b6MLjkfo8An0Fjib","Animals","2013-10-08","Fitness Workout Electro | House | Dance | Progressive House","6KnQDwp0syvhfHOR4lWP7x","edm","electro house",0.674,0.866,1,-6.384,1,0.0386,0.00138,0.699,0.383,0.0376,128.012,304240
27987,"1toz8k7rYIw4FS5jOSXxYH","Helicopter - Video Edit","Martin Garrix",2,"6PzXquldNYOf5zFoPO3ZsI","Helicopter","2014-03-10","Fitness Workout Electro | House | Dance | Progressive House","6KnQDwp0syvhfHOR4lWP7x","edm","electro house",0.584,0.96,7,-4.492,0,0.0379,0.0104,0.516,0.175,0.165,128.003,206450
28497,"5M9jOReAKGZ2AttVefFjTY","Don't Look Down","Martin Garrix",66,"7e4eCJT5ON1FpJD5Si341e","Don't Look Down","2015-03-17","Big Room House | Festival Bangers","5Bx5niVgi3qGQQw06C0RKq","edm","big room",0.575,0.831,0,-5.972,1,0.0356,0.00406,0.000449,0.111,0.377,127.991,223140
28498,"2BF1X5nkYYSb0AUTRaGkDm","Forbidden Voices","Martin Garrix",5,"26oYqQO1MNxFLMfPttGRSS","Forbidden Voices","2015-02-23","Big Room House | Festival Bangers","5Bx5niVgi3qGQQw06C0RKq","edm","big room",0.534,0.711,10,-5.927,0,0.0368,0.05,0.0031,0.135,0.3,128.102,230635
28499,"6F1kPSgdnlSzZRfskE9vaV","Lions in the Wild","Martin Garrix",2,"39GUANQpkDHusLAAJPPS7z","Lions in the Wild","2016-05-27","Big Room House | Festival Bangers","5Bx5niVgi3qGQQw06C0RKq","edm","big room",0.504,0.847,7,-6.81,0,0.0442,0.00434,0,0.816,0.28,127.854,211890
28500,"0uvFFLI3Z6zidLLUsHDVVk","The Only Way Is Up - Radio Edit","Martin Garrix",50,"7uRMRN3i207cnrLWzJIfRE","The Only Way Is Up","2015-12-11","Big Room House | Festival Bangers","5Bx5niVgi3qGQQw06C0RKq","edm","big room",0.593,0.81,1,-5.976,0,0.0341,0.0145,0.944,0.0906,0.173,128.067,189390
28501,"6oheWhUHTYSegLGV9x3BMd","Dragon - Radio Edit","Martin Garrix",2,"5D8IRQ0MLsDQ5t6CMf6vWV","Break Through The Silence EP","2015-07-27","Big Room House | Festival Bangers","5Bx5niVgi3qGQQw06C0RKq","edm","big room",0.513,0.917,7,-4.048,0,0.0628,0.00543,0.816,0.0592,0.145,128.024,196671
28502,"2bd7KLt028ssKE0K0WYWXl","Break Through The Silence - Radio Edit","Martin Garrix",4,"5D8IRQ0MLsDQ5t6CMf6vWV","Break Through The Silence EP","2015-07-27","Big Room House | Festival Bangers","5Bx5niVgi3qGQQw06C0RKq","edm","big room",0.573,0.95,9,-5.167,1,0.0666,0.00289,0.00119,0.299,0.153,128.013,204772
28503,"5ZnzVZrSja6miEOxZIV8Q6","Virus (How About Now)","Martin Garrix",3,"5kLRzKHClRO3TX5LeSzljZ","Virus (How About Now)","2014-10-27","Big Room House | Festival Bangers","5Bx5niVgi3qGQQw06C0RKq","edm","big room",0.488,0.841,5,-5.51,0,0.04,0.00197,0.127,0.801,0.0671,128.071,198077
28505,"54fgYLd9UtdPZVjx548Ver","Proxy","Martin Garrix",42,"4EV2HGPHQpUu4cPxJTP0OT","Gold Skies","2014-07-01","Big Room House | Festival Bangers","5Bx5niVgi3qGQQw06C0RKq","edm","big room",0.667,0.695,7,-5.722,0,0.0334,0.00856,0.865,0.197,0.292,128.052,277547
28506,"1xMLthTaWJieT9YGV1hyS5","Animals","Martin Garrix",36,"4EV2HGPHQpUu4cPxJTP0OT","Gold Skies","2014-07-01","Big Room House | Festival Bangers","5Bx5niVgi3qGQQw06C0RKq","edm","big room",0.676,0.865,1,-6.381,1,0.0389,0.00105,0.648,0.382,0.0372,128.006,303773
28507,"5c7UATnb0XfIbyIHHfgIMb","Error 404 - Original Mix","Martin Garrix",0,"41Q52HSJVbtcG9IOtWeyHD","Error 404","2013-03-18","Big Room House | Festival Bangers","5Bx5niVgi3qGQQw06C0RKq","edm","big room",0.673,0.862,2,-7.102,1,0.0887,0.000203,0.794,0.0442,0.285,127.983,333760
28509,"7aCZfs36tXkWVFItKHNGcE","Wizard","Martin Garrix",0,"1oP2CZ4ROSL9qiQFV3GP1v","Wizard","2013-01-01","Big Room House | Festival Bangers","5Bx5niVgi3qGQQw06C0RKq","edm","big room",0.582,0.902,7,-5.098,1,0.0707,0.00835,0.715,0.513,0.23,127.985,281773
28551,"1toz8k7rYIw4FS5jOSXxYH","Helicopter - Video Edit","Martin Garrix",2,"6PzXquldNYOf5zFoPO3ZsI","Helicopter","2014-03-10","Big Room House | Festival Bangers","5Bx5niVgi3qGQQw06C0RKq","edm","big room",0.584,0.96,7,-4.492,0,0.0379,0.0104,0.516,0.175,0.165,128.003,206450
28558,"7qf3VKqcN2retPfpdMGHNu","Animals - Oliver Heldens Remix","Martin Garrix",30,"6ttnyberW9gdegzxFIdvep","Animals","2013-01-01","Big Room House | Festival Bangers","5Bx5niVgi3qGQQw06C0RKq","edm","big room",0.669,0.949,1,-5.1,1,0.0452,0.0225,0.901,0.188,0.513,128.015,262813
28573,"18KjYhghq6K3ZmfcewWDp6","Mistaken (feat. Alex Aris)","Martin Garrix",68,"36EtVEn1SVViW6Pi8rD9n8","Mistaken (feat. Alex Aris)","2019-03-31","PAROOKAVILLE - Big Room","6vbHQdtfmexb0ptmBSpemm","edm","big room",0.424,0.694,6,-4.912,0,0.0386,0.0573,0.000937,0.133,0.0801,128.034,282481
28578,"58ctD8HaEUXJkdv7TTsmG8","Dreamer - Nicky Romero Remix","Martin Garrix",52,"05anULzMxwpFurSgQ0WLNk","Dreamer (Remixes Vol. 1)","2018-12-07","PAROOKAVILLE - Big Room","6vbHQdtfmexb0ptmBSpemm","edm","big room",0.435,0.751,1,-4.999,1,0.0599,0.128,0,0.253,0.346,124.332,224762
28627,"0mV5JWhyUFANd9qpwLkM8d","No Sleep (feat. Bonn) - DubVision Remix","Martin Garrix",69,"3z4efVJv1e3GmoR7PybqHR","2019 Remixed","2019-12-31","Big Room House / Bigroom","2EnVd4ugXUybVQoQrarICY","edm","big room",0.584,0.79,11,-6.128,1,0.0589,0.0455,0,0.213,0.291,127.972,239062
28650,"4ut5G4rgB1ClpMTMfjoIuy","High On Life (feat. Bonn)","Martin Garrix",77,"1GUfof1gHsqYjoHFym3aim","High On Life (feat. Bonn)","2018-07-29","Big Room House / Bigroom","2EnVd4ugXUybVQoQrarICY","edm","big room",0.414,0.486,6,-6.431,0,0.0311,0.0129,0,0.111,0.368,128.038,230762
28795,"0W6yJKJW8I04iDT6BsINaL","Virus (How About Now)","Martin Garrix",43,"6cMs1rlzNK7VhFI5zXNXID","Virus (How About Now)","2015-02-13","BIG-ROOM NEVER DIES !","4QtO2XySphMOJt7pX0yaVi","edm","big room",0.493,0.818,5,-6.252,0,0.0395,0.00121,0.497,0.824,0.0801,128.032,198387
28797,"6JYOQ9AM0byHsOvh6hezJl","Wizard","Martin Garrix",38,"4eTzRolIL5fxH3RwljaTsA","Wizard","2013-12-16","BIG-ROOM NEVER DIES !","4QtO2XySphMOJt7pX0yaVi","edm","big room",0.578,0.915,7,-4.98,1,0.068,0.00706,0.775,0.489,0.186,127.933,281260
28798,"1CT9ebtobcouQw7G9mZ9AV","Helicopter - Video Edit","Martin Garrix",53,"2vVYOsPwDIDRigcmvqDlRF","Helicopter (Video Edit)","2014-03-10","BIG-ROOM NEVER DIES !","4QtO2XySphMOJt7pX0yaVi","edm","big room",0.584,0.96,7,-4.492,0,0.0379,0.0104,0.516,0.175,0.165,128.003,206450
28816,"7pWK1kMgHy5lNNiIfuRbkP","Used To Love (with Dean Lewis)","Martin Garrix",83,"3YD1qyD9KPFzzTK1UC1Gvo","Used To Love (with Dean Lewis)","2019-10-31","Dancefloor Beats","6mMk6QCzEgT3QGaCV1R4S5","edm","big room",0.651,0.693,4,-4.722,1,0.0375,0.458,0,0.335,0.392,118.97,236765
29067,"4hhDqZgcSUOifI5c1kVOZD","Virus (How About Now) - Original Mix","Martin Garrix",0,"427H8sdCsSSzFBkWwe961B","Virus (How About Now)","2014-10-27","big boom room ‚Äî TOMORROWLAND EDC EDM BIG ROOM AMF ADE DANCE TRANCE HARDWELL TIESTO","2oalsaFUockoPf1DU3wrL8","edm","big room",0.595,0.86,5,-5.366,0,0.0398,0.000762,0.598,0.155,0.0399,127.992,273765
29291,"48Zk4JAM2sKSHLAWqhuxXc","Animals - Radio Edit","Martin Garrix",0,"2HiPaQs5xDk7xFfSNdtTKA","Animals","2013-07-06","Big Room House","7vJOXFe40axY7qS39vGDyH","edm","big room",0.593,0.914,1,-5.351,1,0.0363,0.00137,0.445,0.0714,0.0381,128.015,176118
29303,"1ahVFh0ViDZr8LvkEVlq3B","No Sleep (feat. Bonn)","Martin Garrix",76,"7KJTuTXYSnBGNgAxte3CSg","No Sleep (feat. Bonn)","2019-02-21","Big Room House","7vJOXFe40axY7qS39vGDyH","edm","big room",0.44,0.635,11,-6.385,1,0.0326,0.129,0,0.121,0.327,128.133,207095
29335,"23L5CiUhw2jV1OIMwthR3S","In the Name of Love","Martin Garrix",80,"1FOJ5IXGXe8dl0cXvCU6wK","In the Name of Love","2016-07-29","Epic Bass Drops","49EXQVXh5k1t8SOhmUeyU7","edm","big room",0.501,0.519,4,-5.88,0,0.0409,0.109,0,0.454,0.168,133.99,195707
29611,"0mV5JWhyUFANd9qpwLkM8d","No Sleep (feat. Bonn) - DubVision Remix","Martin Garrix",69,"3z4efVJv1e3GmoR7PybqHR","2019 Remixed","2019-12-31","EDM House & Dance","5CTzufLc0f6MufjKYrIaoO","edm","pop edm",0.584,0.79,11,-6.128,1,0.0589,0.0455,0,0.213,0.291,127.972,239062
29624,"22zxLxXlXrBIm7XaazHNrg","Hold On (feat. Michel Zitron)","Martin Garrix",75,"2BxWklE9D6hPhvPgcvLWtZ","Hold On (feat. Michel Zitron)","2019-12-27","EDM House & Dance","5CTzufLc0f6MufjKYrIaoO","edm","pop edm",0.422,0.711,2,-4.809,0,0.0385,0.0176,0,0.559,0.321,128.066,244453
29636,"7pWK1kMgHy5lNNiIfuRbkP","Used To Love (with Dean Lewis)","Martin Garrix",83,"3YD1qyD9KPFzzTK1UC1Gvo","Used To Love (with Dean Lewis)","2019-10-31","EDM House & Dance","5CTzufLc0f6MufjKYrIaoO","edm","pop edm",0.651,0.693,4,-4.722,1,0.0375,0.458,0,0.335,0.392,118.97,236765
29683,"1sI9LpIHEEzQwSVnp8oyfD","Summer Days (feat. Macklemore & Patrick Stump of Fall Out Boy) - Ti√´sto Remix","Martin Garrix",10,"5ex1zIdBg0py0Dew5MH0dF","Summer Days (feat. Macklemore & Patrick Stump of Fall Out Boy) [Ti√´sto Remix]","2019-06-21","Pop EDM Remixes","4aUEH3uhbofktrFkXOOaKj","edm","pop edm",0.69,0.78,5,-4.446,0,0.0594,0.00733,0.00183,0.0729,0.238,126.07,255238
29786,"5YN0zHycJ0Yxz31A5QsVov","These Are The Times (feat. JRM)","Martin Garrix",71,"2OkqLVAw949KZZ8lgMMIdj","These Are The Times (feat. JRM)","2019-07-18","EDM 2019","1T0ed6Mg0QIruHvcoWWIKy","edm","pop edm",0.687,0.707,4,-6.19,1,0.0328,0.0536,9.29e-05,0.16,0.607,127.033,188656
30172,"2sp1QtoKfxJaSlsu8NOLTn","In The Name Of Love - The Him Remix","Martin Garrix",50,"1WSShu5SDgRFWR9ZXImKLM","In The Name Of Love Remixes","2016-11-11","EDM - pop remixes","0cvVad4XizGbOS0vlwZYS5","edm","pop edm",0.642,0.864,7,-3.657,1,0.0379,0.0455,1.98e-06,0.081,0.564,125.088,209280
30180,"5pOCxpmhVPYmJqny2LWsDT","Scared To Be Lonely - DubVision Remix","Martin Garrix",44,"5dwSRV6U5oyxplujp17RQQ","Scared To Be Lonely Remixes Vol. 1","2017-03-17","EDM - pop remixes","0cvVad4XizGbOS0vlwZYS5","edm","pop edm",0.669,0.844,1,-3.774,0,0.122,0.222,0,0.219,0.266,127.067,190866
30592,"6jA8HL9i4QGzsj6fjoxp8Y","There for You","Martin Garrix",74,"0OK35duHpTPnvqya2d4pnn","There for You","2017-05-26","EDM Trap","7CEEEMKV41x0RlFCXWdvKF","edm","pop edm",0.611,0.644,6,-7.607,0,0.0553,0.124,0,0.124,0.13,105.969,221904
30607,"5qEK1dvlPMpOYZTBFPGGPV","Scared To Be Lonely - Conro Remix","Martin Garrix",50,"5jTkDSrXEBAowWeHpsA1a2","Scared To Be Lonely Remixes Vol. 2","2017-03-24","EDM Trap","7CEEEMKV41x0RlFCXWdvKF","edm","pop edm",0.501,0.683,1,-4.261,0,0.0651,0.178,2.7e-06,0.385,0.319,154.901,202839
30679,"23L5CiUhw2jV1OIMwthR3S","In the Name of Love","Martin Garrix",80,"1FOJ5IXGXe8dl0cXvCU6wK","In the Name of Love","2016-07-29","2015 songs","6UJw1egIcZVfrBmcKs5uHH","edm","pop edm",0.501,0.519,4,-5.88,0,0.0409,0.109,0,0.454,0.168,133.99,195707
30917,"3ebXMykcMXOcLeJ9xZ17XH","Scared to Be Lonely","Martin Garrix",81,"2v9rQe4F8fVSh5v8bAq0jF","Scared to Be Lonely","2017-01-27","Happy EDM","3d2JFEbvcx7p2CHkBaQeMZ","edm","pop edm",0.584,0.54,1,-7.786,0,0.0576,0.0895,0,0.261,0.195,137.972,220883
31028,"3BC5s3KuoL1lhtllHkY4lV","Wizard - Radio Edit","Martin Garrix",1,"4HQAV590YcGCUIfSIlLyWD","Wizard","2013-12-16","Fitness Workout Electro | House | Dance | Progressive House","6KnQDwp0syvhfHOR4lWP7x","edm","progressive electro house",0.565,0.916,7,-4.715,0,0.052,0.00439,0.488,0.617,0.0795,127.844,202413
31033,"766RKRQ1ZJjmdBQ9y54HKj","Animals - Original Mix","Martin Garrix",5,"63Xla1b6MLjkfo8An0Fjib","Animals","2013-10-08","Fitness Workout Electro | House | Dance | Progressive House","6KnQDwp0syvhfHOR4lWP7x","edm","progressive electro house",0.674,0.866,1,-6.384,1,0.0386,0.00138,0.699,0.383,0.0376,128.012,304240
31050,"1toz8k7rYIw4FS5jOSXxYH","Helicopter - Video Edit","Martin Garrix",2,"6PzXquldNYOf5zFoPO3ZsI","Helicopter","2014-03-10","Fitness Workout Electro | House | Dance | Progressive House","6KnQDwp0syvhfHOR4lWP7x","edm","progressive electro house",0.584,0.96,7,-4.492,0,0.0379,0.0104,0.516,0.175,0.165,128.003,206450
31518,"22zxLxXlXrBIm7XaazHNrg","Hold On (feat. Michel Zitron)","Martin Garrix",75,"2BxWklE9D6hPhvPgcvLWtZ","Hold On (feat. Michel Zitron)","2019-12-27","Hands Up‚Äè‚Äè‚Äã‚Äã   ‚Äç","1lSdljPk8zcAdXVMUduDia","edm","progressive electro house",0.422,0.711,2,-4.809,0,0.0385,0.0176,0,0.559,0.321,128.066,244453
31527,"18KjYhghq6K3ZmfcewWDp6","Mistaken (feat. Alex Aris)","Martin Garrix",68,"36EtVEn1SVViW6Pi8rD9n8","Mistaken (feat. Alex Aris)","2019-03-31","Hands Up‚Äè‚Äè‚Äã‚Äã   ‚Äç","1lSdljPk8zcAdXVMUduDia","edm","progressive electro house",0.424,0.694,6,-4.912,0,0.0386,0.0573,0.000937,0.133,0.0801,128.034,282481
31529,"58ctD8HaEUXJkdv7TTsmG8","Dreamer - Nicky Romero Remix","Martin Garrix",52,"05anULzMxwpFurSgQ0WLNk","Dreamer (Remixes Vol. 1)","2018-12-07","Hands Up‚Äè‚Äè‚Äã‚Äã   ‚Äç","1lSdljPk8zcAdXVMUduDia","edm","progressive electro house",0.435,0.751,1,-4.999,1,0.0599,0.128,0,0.253,0.346,124.332,224762
31530,"4ut5G4rgB1ClpMTMfjoIuy","High On Life (feat. Bonn)","Martin Garrix",77,"1GUfof1gHsqYjoHFym3aim","High On Life (feat. Bonn)","2018-07-29","Hands Up‚Äè‚Äè‚Äã‚Äã   ‚Äç","1lSdljPk8zcAdXVMUduDia","edm","progressive electro house",0.414,0.486,6,-6.431,0,0.0311,0.0129,0,0.111,0.368,128.038,230762
31535,"7J7D2Ezp32LxlYuNTZX48n","So Far Away - Nicky Romero Remix","Martin Garrix",40,"7sdcEE59A6EGhriYpDSTTE","So Far Away (Remixes Vol. 1)","2017-12-29","Hands Up‚Äè‚Äè‚Äã‚Äã   ‚Äç","1lSdljPk8zcAdXVMUduDia","edm","progressive electro house",0.569,0.493,6,-4.89,0,0.0443,0.0196,1e-04,0.0417,0.242,125.967,342857
31548,"5EwwwdsQfKI8ZnFG93j5Zu","Forever","Martin Garrix",62,"7zFHC5p1ylePX7dNxln5iJ","Forever","2017-10-20","Hands Up‚Äè‚Äè‚Äã‚Äã   ‚Äç","1lSdljPk8zcAdXVMUduDia","edm","progressive electro house",0.45,0.898,8,-3.604,0,0.0395,0.0277,0.0616,0.166,0.22,127.983,218437
31550,"5oAgI7Pzg6vxuKrfapg3Pi","Pizza","Martin Garrix",59,"2GNtmwsvrBPWHl8aaOXJMp","Pizza","2017-08-25","Hands Up‚Äè‚Äè‚Äã‚Äã   ‚Äç","1lSdljPk8zcAdXVMUduDia","edm","progressive electro house",0.381,0.712,5,-6.9,1,0.0355,0.000408,0.589,0.183,0.0378,127.967,255103
31559,"5K3NDUPkLe46b5DRMt2RNJ","There For You - Madison Mars Remix","Martin Garrix",47,"2XXJOpnawvArFxXTu2A1VM","There For You: The Remixes","2017-08-18","Hands Up‚Äè‚Äè‚Äã‚Äã   ‚Äç","1lSdljPk8zcAdXVMUduDia","edm","progressive electro house",0.6,0.947,6,-1.84,0,0.163,0.0395,0,0.1,0.347,126.045,175000
31561,"20hsdn8oITBsuWNLhzr5eh","Byte","Martin Garrix",60,"7bhogovOiLN8d5QEKltWyc","Byte","2017-04-07","Hands Up‚Äè‚Äè‚Äã‚Äã   ‚Äç","1lSdljPk8zcAdXVMUduDia","edm","progressive electro house",0.597,0.931,7,-4.026,0,0.0329,0.000636,0.821,0.0593,0.267,128.031,285089
31562,"389MC596K4IN35zaHAyuYz","Scared To Be Lonely - Brooks Remix","Martin Garrix",51,"5dwSRV6U5oyxplujp17RQQ","Scared To Be Lonely Remixes Vol. 1","2017-03-17","Hands Up‚Äè‚Äè‚Äã‚Äã   ‚Äç","1lSdljPk8zcAdXVMUduDia","edm","progressive electro house",0.604,0.796,1,-2.416,0,0.0597,0.0126,0,0.106,0.225,127.991,200625
31567,"55y30bh2ZUtzOXjWLxn7XT","In the Name of Love - DallasK Remix","Martin Garrix",59,"1WSShu5SDgRFWR9ZXImKLM","In The Name Of Love Remixes","2016-11-11","Hands Up‚Äè‚Äè‚Äã‚Äã   ‚Äç","1lSdljPk8zcAdXVMUduDia","edm","progressive electro house",0.522,0.816,4,-3.156,0,0.0643,0.0126,4.19e-06,0.348,0.102,134.103,200597
31571,"4KX39APEOO2EgiZFkcJOfR","Together","Martin Garrix",49,"0hqMOru1WMB5gkHS7eJequ","Together","2016-10-20","Hands Up‚Äè‚Äè‚Äã‚Äã   ‚Äç","1lSdljPk8zcAdXVMUduDia","edm","progressive electro house",0.509,0.729,1,-4.773,1,0.0343,0.0732,2.73e-05,0.233,0.196,127.871,221274
31585,"6x7r0lpyqxBKGq8J7LFMeu","Sun Is Never Going Down (feat. Dawn Golden)","Martin Garrix",52,"0f1CZexom6ELxbDZx32fyk","Seven","2016-10-28","Hands Up‚Äè‚Äè‚Äã‚Äã   ‚Äç","1lSdljPk8zcAdXVMUduDia","edm","progressive electro house",0.506,0.726,5,-5.964,0,0.0366,0.00308,8.05e-05,0.266,0.266,128.044,204418
31598,"0HT6YGHjXKNvnTjGGtur3j","Spotless","Martin Garrix",53,"0f1CZexom6ELxbDZx32fyk","Seven","2016-10-28","Hands Up‚Äè‚Äè‚Äã‚Äã   ‚Äç","1lSdljPk8zcAdXVMUduDia","edm","progressive electro house",0.517,0.828,8,-5.648,0,0.0482,9.69e-05,0.841,0.411,0.0605,128.077,195005
31737,"1CT9ebtobcouQw7G9mZ9AV","Helicopter - Video Edit","Martin Garrix",53,"2vVYOsPwDIDRigcmvqDlRF","Helicopter (Video Edit)","2014-03-10","Alex Workout","7fRlDx99wBg6i45OCvxwKY","edm","progressive electro house",0.584,0.96,7,-4.492,0,0.0379,0.0104,0.516,0.175,0.165,128.003,206450
31738,"2suFmuGiImluGE4yuFms6Z","Animals - Victor Niglio & Martin Garrix Festival Trap Remix","Martin Garrix",41,"3y7WIFg4GimI1jaaGOHdGf","Animals (The Remixes Pt. 1)","2014-01-27","Alex Workout","7fRlDx99wBg6i45OCvxwKY","edm","progressive electro house",0.661,0.869,1,-4.314,1,0.0388,0.00445,0.851,0.0343,0.374,139.99,198466
31789,"4hhDqZgcSUOifI5c1kVOZD","Virus (How About Now) - Original Mix","Martin Garrix",0,"427H8sdCsSSzFBkWwe961B","Virus (How About Now)","2014-10-27","2011-2014 House","53Ga3Xt9fumdJfhNNSBvzU","edm","progressive electro house",0.595,0.86,5,-5.366,0,0.0398,0.000762,0.598,0.155,0.0399,127.992,273765
32136,"5Gi8lLH3edcexP99srU1Nl","Waiting For Tomorrow (feat. Mike Shinoda)","Martin Garrix",56,"3gyPAMRvvAXjphXv0xjJ0X","Waiting For Tomorrow (feat. Mike Shinoda)","2018-10-18","Epic Bass Drops | Best House Mixes","4IS7o1utOzhimFEFnj9gmu","edm","progressive electro house",0.507,0.887,5,-4.084,0,0.141,0.00731,0,0.562,0.336,128.015,247505
32144,"7deNOgcnSseExDbh0rKbeZ","Access","Martin Garrix",49,"48rPjqTveaspwNIwJl2w0u","Access","2018-10-17","Epic Bass Drops | Best House Mixes","4IS7o1utOzhimFEFnj9gmu","edm","progressive electro house",0.726,0.752,7,-7.401,0,0.0931,0.0529,0.145,0.201,0.174,128.035,195454
32146,"2ce4J8eyrjLRCQlmEx7qRL","Latency","Martin Garrix",53,"0apj0CT5rr2dFWJgp80WKU","Latency","2018-10-16","Epic Bass Drops | Best House Mixes","4IS7o1utOzhimFEFnj9gmu","edm","progressive electro house",0.66,0.937,1,-1.098,1,0.18,0.0328,0.0683,0.497,0.449,128.112,204375
32152,"7IWTIkiWGWNQyYfOLdMrGD","Burn Out (feat. Dewain Whitmore)","Martin Garrix",68,"3feYPmyPH7tqh1ZfsU0D0i","Burn Out (feat. Dewain Whitmore)","2018-09-14","Epic Bass Drops | Best House Mixes","4IS7o1utOzhimFEFnj9gmu","edm","progressive electro house",0.594,0.722,4,-5.751,0,0.0398,0.0156,0,0.0667,0.407,127.877,200322
32250,"5M9jOReAKGZ2AttVefFjTY","Don't Look Down","Martin Garrix",66,"7e4eCJT5ON1FpJD5Si341e","Don't Look Down","2015-03-17","Electr√≥nica, Progressive House, Electro House y m√°s üéß","0o5gKmuET7F3lQnpFxvPO8","edm","progressive electro house",0.575,0.831,0,-5.972,1,0.0356,0.00406,0.000449,0.111,0.377,127.991,223140
32259,"2BF1X5nkYYSb0AUTRaGkDm","Forbidden Voices","Martin Garrix",5,"26oYqQO1MNxFLMfPttGRSS","Forbidden Voices","2015-02-23","Electr√≥nica, Progressive House, Electro House y m√°s üéß","0o5gKmuET7F3lQnpFxvPO8","edm","progressive electro house",0.534,0.711,10,-5.927,0,0.0368,0.05,0.0031,0.135,0.3,128.102,230635
32288,"6F1kPSgdnlSzZRfskE9vaV","Lions in the Wild","Martin Garrix",2,"39GUANQpkDHusLAAJPPS7z","Lions in the Wild","2016-05-27","Electr√≥nica, Progressive House, Electro House y m√°s üéß","0o5gKmuET7F3lQnpFxvPO8","edm","progressive electro house",0.504,0.847,7,-6.81,0,0.0442,0.00434,0,0.816,0.28,127.854,211890
32295,"7wZorJD5loL9ceLJ67sg6S","Now That I've Found You (feat. John & Michel)","Martin Garrix",4,"2HtWz2HnIBnS4ErQywXnpx","Now That I've Found You (feat. John & Michel)","2016-03-11","Electr√≥nica, Progressive House, Electro House y m√°s üéß","0o5gKmuET7F3lQnpFxvPO8","edm","progressive electro house",0.495,0.831,5,-5.812,0,0.0319,0.021,4.79e-05,0.495,0.414,128.064,192632
32354,"0hv6ku4431kPrjbpBBspw3","Animals - Original Mix","Martin Garrix",5,"0N5QcojgdA6aP9oQ7yYG9A","Animals","2013-07-01","Gym (Melbourne Bounce/Progressive House)","5BqOZpVEqRDfZScvW1QUyA","edm","progressive electro house",0.675,0.868,1,-6.36,1,0.0392,0.00107,0.715,0.374,0.0376,128.007,304229
32388,"3m3OwRXheUtBRKmcVNUsFo","Helicopter - Original Edit","Martin Garrix",2,"4MrQAUymyrKSb6u7o2Kdpm","Helicopter","2014-03-17","Gym (Melbourne Bounce/Progressive House)","5BqOZpVEqRDfZScvW1QUyA","edm","progressive electro house",0.601,0.962,3,-4.52,1,0.0427,0.00984,0.291,0.0977,0.0749,128.055,202507
32489,"47knrBbYhqtrggWYSkU6h1","Glitch","Martin Garrix",56,"1Vb1gttHEF1ehOTvga4VSM","Glitch","2018-12-14","Fresh EDM | Progressive House | Electro House | Trap | Deep House | Electronic | Future House/Bass","0FCHg9zJMNNiOokh3hVcxd","edm","progressive electro house",0.715,0.792,2,-6.4,0,0.0325,0.055,0.0236,0.269,0.357,128.024,185161
32505,"1VLzca7LUFQxYAgEVlGeUa","Hold On (feat. Michel Zitron) - Julian Jordan Remix","Martin Garrix",54,"3z4efVJv1e3GmoR7PybqHR","2019 Remixed","2019-12-31","Festival Music 2019 - Warm Up Music (EDM, Big Room & Progressive House)","73uj4YmsC7SJ6SbUMTvf07","edm","progressive electro house",0.723,0.71,2,-5.749,0,0.0533,0.0211,0.00115,0.238,0.201,127.965,279979
32508,"2vfiK6HFMl34UzBxq4NNSK","Used To Love (with Dean Lewis) - SWACQ Remix","Martin Garrix",58,"6Rf09sVx3axyYeTP42EXgU","Used To Love (with Dean Lewis) [Remixes]","2019-12-20","Festival Music 2019 - Warm Up Music (EDM, Big Room & Progressive House)","73uj4YmsC7SJ6SbUMTvf07","edm","progressive electro house",0.765,0.733,4,-6.302,1,0.0582,0.205,1.28e-05,0.593,0.47,125.037,220800
32530,"1cN45YtJost0rjvbseomXj","Mistaken (feat. Alex Aris) - Club Mix","Martin Garrix",50,"36EtVEn1SVViW6Pi8rD9n8","Mistaken (feat. Alex Aris)","2019-03-31","Festival Music 2019 - Warm Up Music (EDM, Big Room & Progressive House)","73uj4YmsC7SJ6SbUMTvf07","edm","progressive electro house",0.61,0.782,6,-6.878,0,0.0462,0.0678,0.132,0.0693,0.119,128.004,282476
32531,"1ahVFh0ViDZr8LvkEVlq3B","No Sleep (feat. Bonn)","Martin Garrix",76,"7KJTuTXYSnBGNgAxte3CSg","No Sleep (feat. Bonn)","2019-02-21","Festival Music 2019 - Warm Up Music (EDM, Big Room & Progressive House)","73uj4YmsC7SJ6SbUMTvf07","edm","progressive electro house",0.44,0.635,11,-6.385,1,0.0326,0.129,0,0.121,0.327,128.133,207095
32539,"0W6yJKJW8I04iDT6BsINaL","Virus (How About Now)","Martin Garrix",43,"6cMs1rlzNK7VhFI5zXNXID","Virus (How About Now)","2015-02-13","Festival Music 2019 - Warm Up Music (EDM, Big Room & Progressive House)","73uj4YmsC7SJ6SbUMTvf07","edm","progressive electro house",0.493,0.818,5,-6.252,0,0.0395,0.00121,0.497,0.824,0.0801,128.032,198387
32550,"5UHrKSQhNs96msAx8LPVwS","Breach (Walk Alone)","Martin Garrix",52,"5dv1oLETxdsYOkS2Sic00z","BYLAW EP","2018-10-19","Festival Music 2019 - Warm Up Music (EDM, Big Room & Progressive House)","73uj4YmsC7SJ6SbUMTvf07","edm","progressive electro house",0.738,0.953,1,-4.781,1,0.216,0.0388,0.0146,0.214,0.483,128.069,178125
32552,"6lBQ0SMCrJ7zy1LSCuXqwV","Lions in the Wild","Martin Garrix",57,"2x8X4Dq12rXdQsmk41F3VV","Lions in the Wild","2016-05-27","Festival Music 2019 - Warm Up Music (EDM, Big Room & Progressive House)","73uj4YmsC7SJ6SbUMTvf07","edm","progressive electro house",0.504,0.847,7,-6.81,0,0.0442,0.00434,0,0.816,0.28,127.854,211890
32563,"27YP211Rr8RezhiFVDLFI8","Waiting For Tomorrow (feat. Mike Shinoda)","Martin Garrix",59,"5dv1oLETxdsYOkS2Sic00z","BYLAW EP","2018-10-19","Festival Music 2019 - Warm Up Music (EDM, Big Room & Progressive House)","73uj4YmsC7SJ6SbUMTvf07","edm","progressive electro house",0.507,0.887,5,-4.084,0,0.141,0.00731,0,0.562,0.336,128.015,247505
